oco_id;codigo_ocorrencia2;aeronave_fatalidades_total
1;43628;0
2;43629;0
3;43630;0
4;43631;0
5;43633;0
6;43634;0
7;43637;0
8;43639;0
9;43642;0
10;43643;0
11;43648;0
12;43649;0
13;43652;0
14;43653;0
15;43655;0
16;43656;0
17;43657;0
18;43658;1
19;43702;0
20;43703;0
21;43704;1
22;43705;6
23;43706;0
24;43707;0
25;43711;0
26;43715;0
27;43731;0
28;43732;0
29;43733;0
30;43735;0
31;43738;0
32;43742;0
33;43752;0
34;43764;0
35;43767;0
36;43774;0
37;43775;3
38;43776;0
39;43778;0
40;43779;0
41;43808;2
42;43809;1
43;43811;0
44;43812;0
45;43814;0
46;43817;0
47;43818;0
48;43819;0
49;43820;0
50;43828;0
51;43829;0
52;43831;0
53;43832;0
54;43836;0
55;43837;0
56;43838;0
57;43869;1
58;43869;0
59;43870;0
60;43871;0
61;43872;0
62;43873;0
63;43874;0
64;43875;0
65;43876;0
66;43885;0
67;43894;0
68;43895;0
69;43899;0
70;43900;0
71;43901;0
72;43903;0
73;43904;0
74;43906;0
75;43908;0
76;43909;0
77;43910;0
78;43911;0
79;43912;0
80;43913;0
81;43914;0
82;43915;0
83;43945;0
84;43946;0
85;43973;0
86;43977;0
87;43978;1
88;43979;0
89;43980;0
90;43981;0
91;43983;0
92;43984;0
93;43986;0
94;43988;0
95;43989;0
96;43992;0
97;43994;0
98;43998;0
99;44001;0
100;44003;0
101;44004;0
102;44005;0
103;44007;0
104;44008;0
105;44009;0
106;44011;0
107;44012;0
108;44014;0
109;44017;0
110;44022;0
111;44040;0
112;44043;0
113;44045;0
114;44052;0
115;44055;0
116;44060;0
117;44062;0
118;44064;0
119;44078;0
120;44079;0
121;44081;0
122;44082;1
123;44085;0
124;44086;0
125;44087;0
126;44118;0
127;44122;0
128;44125;0
129;44128;0
130;44131;0
131;44140;0
132;44141;0
133;44143;0
134;44144;0
135;44146;0
136;44148;0
137;44149;0
138;44153;0
139;44155;0
140;44156;0
141;44159;0
142;44173;0
143;44188;0
144;44198;0
145;44231;0
146;44233;0
147;44235;0
148;44238;0
149;44242;0
150;44244;0
151;44248;2
152;44315;0
153;44316;3
154;44318;0
155;44319;0
156;44321;0
157;44325;0
158;44327;0
159;44329;0
160;44336;0
161;44338;0
162;44339;0
163;44340;0
164;44344;0
165;44346;0
166;44347;0
167;44348;0
168;44355;0
169;44358;0
170;44361;0
171;44374;0
172;44377;0
173;44378;0
174;44390;0
175;44395;0
176;44399;0
177;44400;0
178;44402;0
179;44403;0
180;44404;0
181;44405;0
182;44407;0
183;44420;0
184;44422;0
185;44424;0
186;44425;0
187;44427;0
188;44430;0
189;44431;0
190;44432;0
191;44434;0
192;44435;0
193;44436;7
194;44437;0
195;44439;0
196;44441;0
197;44442;0
198;44448;0
199;44458;0
200;44463;0
201;44464;0
202;44479;0
203;44480;0
204;44481;0
205;44483;0
206;44484;0
207;44485;0
208;44487;0
209;44489;0
210;44492;0
211;44501;0
212;44502;0
213;44504;0
214;44506;0
215;44507;0
216;44508;0
217;44509;0
218;44510;0
219;44512;0
220;44515;0
221;44517;0
222;44528;3
223;44530;0
224;44531;0
225;44533;0
226;44536;0
227;44537;0
228;44538;0
229;44539;0
230;44540;0
231;44541;4
232;44542;0
233;44543;0
234;44545;0
235;44548;0
236;44549;1
237;44552;0
238;44553;0
239;44554;0
240;44556;0
241;44564;0
242;44569;0
243;44571;0
244;44576;0
245;44577;0
246;44579;0
247;44580;0
248;44589;0
249;44592;1
250;44594;0
251;44597;0
252;44598;0
253;44601;0
254;44602;0
255;44606;0
256;44609;0
257;44611;0
258;44612;0
259;44614;0
260;44627;0
261;44629;0
262;44630;0
263;44635;0
264;44644;0
265;44645;0
266;44647;0
267;44648;0
268;44649;0
269;44652;0
270;44655;0
271;44656;0
272;44660;7
273;44661;0
274;44670;0
275;44677;0
276;44698;0
277;44700;0
278;44703;0
279;44705;0
280;44708;0
281;44712;0
282;44734;0
283;44736;0
284;44737;0
285;44738;0
286;44741;0
287;44742;0
288;44761;0
289;44762;0
290;44763;0
291;44766;0
292;44769;0
293;44770;0
294;44772;0
295;44775;4
296;44777;0
297;44780;2
298;44784;0
299;44793;0
300;44794;0
301;44795;0
302;44796;16
303;44801;0
304;44804;0
305;44806;0
306;44811;1
307;44812;0
308;44813;0
309;44814;0
310;44816;0
311;44817;0
312;44820;0
313;44828;0
314;44834;0
315;44836;0
316;44837;0
317;44838;0
318;44843;0
319;44845;0
320;44846;0
321;44850;2
322;44851;0
323;44853;0
324;44855;3
325;44856;0
326;44858;0
327;44859;0
328;44863;0
329;44865;0
330;44878;0
331;44879;0
332;44880;0
333;44881;0
334;44882;0
335;44884;0
336;44885;0
337;44887;0
338;44888;0
339;44890;0
340;44891;0
341;44892;0
342;44893;0
343;44897;0
344;44901;0
345;44902;0
346;44903;0
347;44906;0
348;44907;0
349;44917;0
350;44920;0
351;44921;0
352;44922;0
353;44924;0
354;44926;0
355;44927;0
356;44935;0
357;44939;0
358;44942;0
359;44944;2
360;44944;0
361;44945;0
362;44947;0
363;44951;0
364;44955;0
365;44957;0
366;44959;0
367;44964;0
368;44965;0
369;44966;0
370;44967;0
371;44968;0
372;44969;0
373;44974;0
374;44975;0
375;44977;0
376;44983;0
377;44986;4
378;44988;0
379;44990;0
380;44992;0
381;44993;0
382;44995;0
383;44996;0
384;44999;0
385;45001;0
386;45003;0
387;45005;0
388;45007;0
389;45008;0
390;45010;0
391;45011;0
392;45012;0
393;45013;0
394;45016;0
395;45025;0
396;45036;0
397;45045;1
398;45047;0
399;45048;0
400;45049;0
401;45050;0
402;45051;1
403;45052;0
404;45053;3
405;45054;2
406;45055;0
407;45056;3
408;45057;0
409;45058;0
410;45059;1
411;45060;0
412;45061;0
413;45062;0
414;45063;0
415;45064;1
416;45065;2
417;45070;0
418;45071;0
419;45072;0
420;45087;0
421;45088;4
422;45089;0
423;45090;0
424;45091;0
425;45094;0
426;45096;0
427;45098;0
428;45100;0
429;45102;0
430;45104;0
431;45106;0
432;45109;0
433;45111;0
434;45127;0
435;45128;0
436;45149;0
437;45151;0
438;45153;0
439;45167;0
440;45169;2
441;45187;0
442;45188;0
443;45210;0
444;45211;0
445;45212;0
446;45213;0
447;45215;0
448;45217;0
449;45218;0
450;45222;0
451;45222;0
452;45224;0
453;45226;0
454;45227;0
455;45228;0
456;45229;0
457;45230;0
458;45230;0
459;45232;0
460;45233;0
461;45235;0
462;45236;0
463;45237;0
464;45238;0
465;45247;0
466;45250;1
467;45251;1
468;45252;0
469;45253;0
470;45267;4
471;45268;0
472;45269;0
473;45270;0
474;45271;0
475;45272;0
476;45273;0
477;45274;0
478;45277;0
479;45279;2
480;45280;1
481;45282;0
482;45284;0
483;45285;0
484;45286;1
485;45288;0
486;45289;0
487;45290;0
488;45291;0
489;45292;0
490;45293;0
491;45294;0
492;45296;0
493;45307;0
494;45310;1
495;45311;0
496;45312;0
497;45313;0
498;45327;0
499;45328;0
500;45329;0
501;45331;0
502;45332;0
503;45333;0
504;45334;0
505;45390;0
506;45391;0
507;45392;0
508;45393;0
509;45396;0
510;45397;0
511;45399;0
512;45400;0
513;45401;0
514;45403;0
515;45405;0
516;45407;0
517;45408;1
518;45409;3
519;45410;0
520;45412;2
521;45413;1
522;45414;0
523;45415;0
524;45417;0
525;45447;0
526;45450;0
527;45466;0
528;45469;0
529;45470;0
530;45487;4
531;45490;3
532;45522;0
533;45523;0
534;45524;0
535;45525;0
536;45526;1
537;45527;0
538;45528;0
539;45529;0
540;45553;0
541;45554;0
542;45564;0
543;45569;0
544;45570;0
545;45571;0
546;45572;0
547;45573;1
548;45576;0
549;45579;0
550;45580;0
551;45582;0
552;45584;0
553;45585;1
554;45586;0
555;45587;0
556;45588;0
557;45589;0
558;45594;0
559;45596;3
560;45597;0
561;45598;0
562;45599;0
563;45600;0
564;45601;0
565;45602;0
566;45604;0
567;45609;0
568;45610;0
569;45611;0
570;45612;0
571;45618;0
572;45619;0
573;45624;0
574;45625;0
575;45647;0
576;45651;0
577;45652;0
578;45653;0
579;45654;0
580;45655;0
581;45656;0
582;45658;0
583;45667;0
584;45668;0
585;45669;0
586;45670;0
587;45671;0
588;45677;0
589;45678;0
590;45680;0
591;45681;0
592;45682;0
593;45684;0
594;45685;0
595;45686;0
596;45689;0
597;45689;0
598;45689;0
599;45691;0
600;45692;0
601;45693;0
602;45694;0
603;45695;0
604;45696;0
605;45697;0
606;45698;0
607;45699;0
608;45700;0
609;45701;0
610;45703;0
611;45705;0
612;45706;0
613;45707;0
614;45709;0
615;45710;0
616;45711;0
617;45712;0
618;45713;0
619;45714;0
620;45715;0
621;45718;0
622;45719;0
623;45727;0
624;45728;0
625;45729;0
626;45730;0
627;45731;0
628;45732;1
629;45733;0
630;45734;0
631;45746;2
632;45747;0
633;45748;0
634;45749;0
635;45750;2
636;45751;0
637;45752;0
638;45753;0
639;45754;0
640;45755;0
641;45756;0
642;45757;1
643;45759;2
644;45760;0
645;45768;0
646;45769;0
647;45773;0
648;45774;0
649;45775;0
650;45776;0
651;45777;0
652;45778;0
653;45779;0
654;45780;0
655;45781;0
656;45783;0
657;45784;0
658;45785;0
659;45786;0
660;45789;0
661;45790;0
662;45791;0
663;45792;0
664;45793;0
665;45794;0
666;45795;0
667;45796;0
668;45797;0
669;45798;0
670;45799;0
671;45800;0
672;45801;0
673;45802;0
674;45803;0
675;45804;0
676;45819;8
677;45820;2
678;45821;0
679;45822;0
680;45829;0
681;45830;0
682;45831;0
683;45833;0
684;45834;0
685;45835;0
686;45841;0
687;45842;0
688;45843;0
689;45844;0
690;45845;0
691;45849;0
692;45850;0
693;45853;0
694;45854;0
695;45856;0
696;45857;0
697;45859;0
698;45860;0
699;45861;0
700;45862;0
701;45864;0
702;45865;0
703;45866;0
704;45867;0
705;45887;0
706;45889;0
707;45890;0
708;45891;0
709;45892;0
710;45894;0
711;45895;0
712;45897;0
713;45898;0
714;45899;0
715;45900;1
716;45901;0
717;45902;0
718;45903;0
719;45903;0
720;45904;0
721;45912;0
722;45913;0
723;45914;0
724;45915;0
725;45916;0
726;45917;0
727;45918;0
728;45927;0
729;45928;0
730;45929;0
731;45930;0
732;45931;0
733;45932;0
734;45933;0
735;45934;1
736;45935;0
737;45936;0
738;45937;0
739;45938;0
740;45939;0
741;45941;0
742;45942;0
743;45943;0
744;45944;0
745;45945;0
746;45946;0
747;45947;0
748;45948;0
749;45949;0
750;45950;0
751;45951;0
752;45952;0
753;45959;0
754;45960;0
755;45964;0
756;45972;0
757;45973;0
758;45980;0
759;45981;0
760;45982;0
761;45983;0
762;45985;0
763;45989;0
764;46019;0
765;46022;0
766;46024;0
767;46026;0
768;46029;0
769;46032;0
770;46036;0
771;46038;0
772;46042;0
773;46043;0
774;46045;2
775;46046;0
776;46048;0
777;46049;0
778;46052;0
779;46053;0
780;46055;0
781;46056;0
782;46067;0
783;46068;0
784;46069;0
785;46070;0
786;46072;0
787;46073;0
788;46092;1
789;46093;1
790;46094;0
791;46095;2
792;46096;0
793;46098;0
794;46105;0
795;46106;0
796;46109;0
797;46110;0
798;46111;0
799;46116;0
800;46117;0
801;46152;3
802;46153;2
803;46154;0
804;46155;0
805;46156;0
806;46157;0
807;46158;0
808;46159;0
809;46160;0
810;46161;0
811;46170;1
812;46171;0
813;46172;0
814;46173;0
815;46178;0
816;46179;0
817;46180;0
818;46181;0
819;46187;0
820;46188;0
821;46189;0
822;46190;0
823;46191;0
824;46192;0
825;46193;0
826;46194;0
827;46195;0
828;46196;0
829;46197;0
830;46198;0
831;46199;0
832;46200;0
833;46201;0
834;46202;8
835;46209;0
836;46210;0
837;46211;0
838;46212;0
839;46213;0
840;46214;0
841;46215;0
842;46216;0
843;46217;0
844;46218;0
845;46219;0
846;46253;0
847;46255;2
848;46255;0
849;46256;0
850;46257;0
851;46258;0
852;46259;0
853;46260;0
854;46261;0
855;46263;0
856;46264;0
857;46279;0
858;46280;0
859;46281;0
860;46282;0
861;46296;0
862;46297;0
863;46298;0
864;46299;0
865;46300;0
866;46301;0
867;46302;0
868;46305;2
869;46306;0
870;46307;0
871;46308;0
872;46309;1
873;46310;0
874;46311;0
875;46312;0
876;46336;0
877;46337;0
878;46338;0
879;46339;1
880;46340;0
881;46341;0
882;46342;0
883;46344;0
884;46345;0
885;46346;0
886;46347;0
887;46348;0
888;46349;0
889;46350;0
890;46354;1
891;46356;0
892;46358;0
893;46359;0
894;46362;0
895;46368;0
896;46371;0
897;46373;0
898;46377;0
899;46378;0
900;46379;0
901;46411;0
902;46412;2
903;46413;0
904;46414;0
905;46415;0
906;46416;0
907;46417;0
908;46418;0
909;46419;1
910;46431;0
911;46432;0
912;46433;0
913;46434;1
914;46435;1
915;46436;0
916;46437;3
917;46438;0
918;46439;0
919;46443;0
920;46444;1
921;46445;0
922;46446;0
923;46448;0
924;46449;0
925;46450;0
926;46451;0
927;46452;0
928;46453;0
929;46454;0
930;46455;0
931;46456;0
932;46471;0
933;46472;0
934;46473;0
935;46474;0
936;46475;0
937;46476;0
938;46477;0
939;46478;0
940;46479;0
941;46480;0
942;46481;0
943;46484;0
944;46485;0
945;46486;0
946;46487;0
947;46495;0
948;46496;0
949;46497;0
950;46498;0
951;46499;0
952;46512;0
953;46513;0
954;46514;0
955;46515;0
956;46516;0
957;46517;0
958;46518;0
959;46519;0
960;46520;0
961;46521;0
962;46522;0
963;46523;0
964;46562;0
965;46563;0
966;46564;0
967;46565;0
968;46566;0
969;46567;0
970;46568;0
971;46569;0
972;46570;0
973;46571;1
974;46572;0
975;46573;0
976;46574;0
977;46575;0
978;46576;0
979;46577;0
980;46581;2
981;46582;4
982;46583;4
983;46584;0
984;46585;0
985;46586;0
986;46587;0
987;46588;2
988;46589;1
989;46590;0
990;46591;2
991;46592;0
992;46593;0
993;46594;0
994;46597;0
995;46598;0
996;46599;0
997;46600;0
998;46601;0
999;46602;0
1000;46603;0
1001;46604;0
1002;46605;0
1003;46606;0
1004;46612;0
1005;46613;0
1006;46614;0
1007;46615;0
1008;46616;0
1009;46617;0
1010;46618;0
1011;46624;0
1012;46625;0
1013;46626;0
1014;46627;0
1015;46628;0
1016;46629;0
1017;46630;0
1018;46633;0
1019;46638;0
1020;46639;0
1021;46640;0
1022;46647;0
1023;46648;0
1024;46649;0
1025;46650;0
1026;46651;0
1027;46652;0
1028;46653;0
1029;46655;0
1030;46671;0
1031;46672;0
1032;46673;0
1033;46674;0
1034;46675;0
1035;46676;0
1036;46677;0
1037;46679;0
1038;46680;0
1039;46681;0
1040;46682;0
1041;46683;0
1042;46684;0
1043;46685;0
1044;46686;0
1045;46687;0
1046;46688;0
1047;46689;0
1048;46691;0
1049;46692;0
1050;46693;0
1051;46694;0
1052;46695;0
1053;46696;0
1054;46698;0
1055;46699;0
1056;46701;0
1057;46702;0
1058;46703;0
1059;46704;0
1060;46705;0
1061;46706;0
1062;46707;0
1063;46708;0
1064;46710;1
1065;46712;0
1066;46713;0
1067;46714;0
1068;46715;0
1069;46716;0
1070;46717;0
1071;46718;0
1072;46719;0
1073;46720;0
1074;46721;0
1075;46722;0
1076;46723;0
1077;46734;0
1078;46735;0
1079;46746;0
1080;46747;0
1081;46748;0
1082;46749;0
1083;46750;0
1084;46751;1
1085;46752;0
1086;46753;0
1087;46754;0
1088;46755;0
1089;46756;0
1090;46757;0
1091;46758;0
1092;46759;0
1093;46760;0
1094;46761;0
1095;46762;0
1096;46763;0
1097;46764;0
1098;46765;0
1099;46766;0
1100;46767;0
1101;46768;0
1102;46780;1
1103;46781;1
1104;46782;0
1105;46783;0
1106;46784;0
1107;46785;0
1108;46786;0
1109;46787;0
1110;46788;0
1111;46789;0
1112;46790;0
1113;46791;0
1114;46792;0
1115;46793;0
1116;46811;0
1117;46812;0
1118;46813;0
1119;46814;0
1120;46819;0
1121;46820;0
1122;46821;0
1123;46822;0
1124;46823;0
1125;46839;0
1126;46840;2
1127;46841;0
1128;46842;2
1129;46844;0
1130;46845;2
1131;46846;2
1132;46847;0
1133;46850;0
1134;46852;0
1135;46853;0
1136;46854;1
1137;46855;1
1138;46856;0
1139;46857;2
1140;46858;0
1141;46859;0
1142;46860;0
1143;46861;0
1144;46862;0
1145;46863;0
1146;46864;0
1147;46865;0
1148;46866;0
1149;46868;0
1150;46869;0
1151;46870;0
1152;46871;0
1153;46872;0
1154;46873;0
1155;46874;0
1156;46876;0
1157;46877;0
1158;46878;0
1159;46879;0
1160;46881;0
1161;46883;0
1162;46884;0
1163;46885;0
1164;46896;0
1165;46897;0
1166;46898;0
1167;46900;0
1168;46901;0
1169;46904;0
1170;46905;0
1171;46910;0
1172;46914;0
1173;46916;1
1174;46918;0
1175;46919;0
1176;46921;0
1177;46922;0
1178;46969;5
1179;46972;0
1180;46973;0
1181;46977;0
1182;46980;0
1183;46982;0
1184;46984;0
1185;46987;0
1186;47011;0
1187;47012;0
1188;47013;0
1189;47014;0
1190;47015;0
1191;47016;0
1192;47017;0
1193;47018;0
1194;47019;1
1195;47023;0
1196;47024;0
1197;47025;0
1198;47042;0
1199;47047;1
1200;47048;0
1201;47049;0
1202;47050;0
1203;47052;0
1204;47053;0
1205;47054;0
1206;47055;0
1207;47056;0
1208;47057;0
1209;47058;0
1210;47059;0
1211;47060;0
1212;47061;0
1213;47062;0
1214;47063;0
1215;47064;0
1216;47065;0
1217;47074;0
1218;47075;0
1219;47080;0
1220;47081;0
1221;47082;0
1222;47083;0
1223;47084;0
1224;47085;0
1225;47086;0
1226;47087;0
1227;47095;0
1228;47096;0
1229;47097;0
1230;47098;0
1231;47099;0
1232;47100;0
1233;47102;0
1234;47108;2
1235;47109;0
1236;47110;0
1237;47111;0
1238;47112;0
1239;47113;0
1240;47114;0
1241;47115;0
1242;47116;0
1243;47117;0
1244;47131;0
1245;47132;0
1246;47133;0
1247;47134;2
1248;47138;0
1249;47142;10
1250;47143;0
1251;47144;0
1252;47145;0
1253;47146;0
1254;47153;0
1255;47154;0
1256;47155;0
1257;47156;0
1258;47158;0
1259;47159;0
1260;47200;0
1261;47201;0
1262;47207;0
1263;47208;0
1264;47209;0
1265;47210;0
1266;47211;0
1267;47213;0
1268;47217;0
1269;47219;0
1270;47245;0
1271;47245;0
1272;47246;0
1273;47296;1
1274;47297;0
1275;47298;0
1276;47299;0
1277;47300;0
1278;47302;0
1279;47304;0
1280;47305;0
1281;47309;0
1282;47310;0
1283;47311;0
1284;47312;0
1285;47313;0
1286;47314;0
1287;47332;0
1288;47333;0
1289;47334;0
1290;47339;0
1291;47351;0
1292;47353;0
1293;47354;0
1294;47422;0
1295;47423;0
1296;47432;0
1297;47433;0
1298;47434;0
1299;47435;0
1300;47436;0
1301;47437;0
1302;47647;0
1303;47648;0
1304;47649;0
1305;47650;1
1306;47651;2
1307;47652;0
1308;47659;0
1309;47661;1
1310;47665;0
1311;47674;0
1312;47675;0
1313;47694;0
1314;47697;0
1315;47698;0
1316;47699;0
1317;47704;0
1318;47707;0
1319;47709;0
1320;47755;0
1321;47759;0
1322;47761;0
1323;47762;0
1324;47763;0
1325;47765;0
1326;47766;0
1327;47767;0
1328;47768;0
1329;47769;0
1330;47872;1
1331;47876;0
1332;47879;2
1333;47888;0
1334;47894;0
1335;47901;0
1336;47926;0
1337;47936;0
1338;47938;0
1339;47939;0
1340;47965;0
1341;47966;1
1342;47979;0
1343;47980;0
1344;47981;1
1345;47983;0
1346;47992;0
1347;47998;0
1348;48012;0
1349;48013;0
1350;48014;0
1351;48053;0
1352;48055;0
1353;48058;0
1354;48064;0
1355;48074;0
1356;48078;0
1357;48083;0
1358;48091;0
1359;48096;0
1360;48102;0
1361;48103;0
1362;48104;0
1363;48105;0
1364;48107;0
1365;48109;0
1366;48110;0
1367;48112;0
1368;48113;0
1369;48114;0
1370;48142;0
1371;48144;0
1372;48145;0
1373;48159;0
1374;48162;0
1375;48163;0
1376;48172;0
1377;48219;0
1378;48429;0
1379;48438;0
1380;48442;0
1381;48446;0
1382;48451;0
1383;48474;0
1384;48512;0
1385;48516;0
1386;48578;0
1387;48580;0
1388;48582;0
1389;48584;0
1390;48630;0
1391;48652;0
1392;48653;0
1393;48654;0
1394;48656;0
1395;48657;0
1396;48658;2
1397;48659;0
1398;48660;0
1399;48661;0
1400;48662;0
1401;48691;0
1402;48693;0
1403;48694;0
1404;48696;0
1405;48711;0
1406;48714;0
1407;48716;0
1408;48727;2
1409;48729;0
1410;48731;0
1411;48734;0
1412;48736;0
1413;48738;0
1414;48739;0
1415;48751;0
1416;48753;0
1417;48754;0
1418;48755;0
1419;48757;0
1420;48759;0
1421;48761;0
1422;48762;0
1423;48772;0
1424;48791;0
1425;48793;0
1426;48795;0
1427;48796;1
1428;48797;0
1429;48799;0
1430;48800;0
1431;48801;0
1432;48803;0
1433;48804;0
1434;48812;0
1435;48813;0
1436;48814;0
1437;48816;0
1438;48832;0
1439;48833;0
1440;48837;0
1441;48848;0
1442;48850;0
1443;48852;0
1444;48871;0
1445;48876;0
1446;48878;0
1447;48879;0
1448;48881;0
1449;48883;0
1450;48884;0
1451;48893;0
1452;48894;0
1453;48895;0
1454;48896;0
1455;48897;0
1456;48898;0
1457;48899;0
1458;48912;0
1459;48915;0
1460;49053;0
1461;49058;0
1462;49113;0
1463;49115;0
1464;49116;6
1465;49117;0
1466;49118;0
1467;49119;0
1468;49120;2
1469;49121;0
1470;49122;0
1471;49123;0
1472;49124;0
1473;49125;0
1474;49152;0
1475;49154;0
1476;49155;0
1477;49156;0
1478;49157;0
1479;49158;0
1480;49171;0
1481;49171;0
1482;49192;0
1483;49194;0
1484;49233;4
1485;49237;1
1486;49252;0
1487;49254;0
1488;49255;0
1489;49258;0
1490;49261;0
1491;49262;0
1492;49263;0
1493;49264;0
1494;49265;0
1495;49267;0
1496;49269;0
1497;49271;0
1498;49272;0
1499;49274;0
1500;49276;0
1501;49278;0
1502;49279;0
1503;49280;0
1504;49281;0
1505;49282;0
1506;49283;0
1507;49284;0
1508;49285;0
1509;49286;0
1510;49288;0
1511;49289;0
1512;49290;0
1513;49291;0
1514;49292;0
1515;49294;0
1516;49295;0
1517;49451;0
1518;49454;0
1519;49472;0
1520;49473;0
1521;49474;0
1522;49475;0
1523;49476;0
1524;49478;0
1525;49479;0
1526;49493;0
1527;49494;0
1528;49511;0
1529;49513;0
1530;49514;0
1531;49515;0
1532;49516;0
1533;49517;0
1534;49518;0
1535;49519;0
1536;49520;0
1537;49521;0
1538;49522;0
1539;49523;0
1540;49524;0
1541;49525;0
1542;49525;0
1543;49527;0
1544;49528;0
1545;49529;0
1546;49532;0
1547;49533;0
1548;49534;0
1549;49534;0
1550;49536;0
1551;49537;0
1552;49538;0
1553;49539;0
1554;49591;0
1555;49592;0
1556;49593;0
1557;49594;0
1558;49611;3
1559;49612;0
1560;49614;0
1561;49615;0
1562;49616;5
1563;49617;0
1564;49618;0
1565;49619;0
1566;49620;0
1567;49621;0
1568;49623;0
1569;49624;0
1570;49632;0
1571;49634;0
1572;49635;0
1573;49636;0
1574;49637;0
1575;49638;0
1576;49639;0
1577;49640;0
1578;49641;0
1579;49642;0
1580;49644;0
1581;49651;1
1582;49671;0
1583;49672;0
1584;49673;0
1585;49691;0
1586;49692;0
1587;49693;0
1588;49694;0
1589;49695;0
1590;49696;0
1591;49697;0
1592;49698;0
1593;49699;0
1594;49700;0
1595;49702;0
1596;49703;0
1597;49704;0
1598;49705;0
1599;49706;0
1600;49708;0
1601;49709;0
1602;49710;0
1603;49711;0
1604;49712;0
1605;49751;0
1606;49752;0
1607;49753;0
1608;49754;0
1609;49792;0
1610;49795;0
1611;49796;0
1612;49797;0
1613;49798;0
1614;49814;0
1615;49819;0
1616;49831;0
1617;49832;0
1618;49833;0
1619;49834;0
1620;49876;0
1621;49878;0
1622;49880;0
1623;49882;0
1624;49892;0
1625;49911;1
1626;49931;0
1627;49932;0
1628;49933;0
1629;49934;0
1630;49935;0
1631;49951;0
1632;49953;0
1633;49954;0
1634;49955;0
1635;49956;0
1636;49957;0
1637;49958;0
1638;49959;0
1639;49961;0
1640;49962;0
1641;49963;0
1642;49964;0
1643;49965;0
1644;49966;0
1645;49967;0
1646;49968;0
1647;50053;0
1648;50091;5
1649;50093;0
1650;50095;0
1651;50097;0
1652;50099;0
1653;50131;0
1654;50132;3
1655;50152;0
1656;50153;0
1657;50173;0
1658;50174;0
1659;50176;0
1660;50192;0
1661;50211;0
1662;50213;0
1663;50214;0
1664;50233;0
1665;50234;0
1666;50236;1
1667;50238;4
1668;50239;0
1669;50240;1
1670;50245;0
1671;50246;0
1672;50248;0
1673;50251;0
1674;50252;0
1675;50253;0
1676;50254;0
1677;50255;0
1678;50257;0
1679;50258;0
1680;50259;0
1681;50260;0
1682;50271;0
1683;50273;0
1684;50275;0
1685;50276;0
1686;50291;2
1687;50292;0
1688;50313;0
1689;50314;0
1690;50315;0
1691;50317;0
1692;50318;0
1693;50319;0
1694;50320;0
1695;50321;0
1696;50322;0
1697;50324;0
1698;50325;0
1699;50331;0
1700;50332;0
1701;50333;0
1702;50334;0
1703;50335;0
1704;50337;1
1705;50339;0
1706;50341;0
1707;50342;5
1708;50343;0
1709;50344;0
1710;50346;0
1711;50347;0
1712;50348;1
1713;50349;2
1714;50352;1
1715;50353;0
1716;50354;2
1717;50371;0
1718;50372;0
1719;50373;0
1720;50374;0
1721;50375;0
1722;50376;0
1723;50377;0
1724;50378;0
1725;50379;0
1726;50380;0
1727;50381;0
1728;50382;0
1729;50383;0
1730;50384;0
1731;50384;0
1732;50388;0
1733;50389;0
1734;50390;0
1735;50399;0
1736;50412;0
1737;50431;0
1738;50433;0
1739;50434;0
1740;50435;0
1741;50453;0
1742;50511;0
1743;50513;0
1744;50515;0
1745;50516;0
1746;50517;0
1747;50531;0
1748;50532;0
1749;50533;0
1750;50534;0
1751;50535;0
1752;50542;0
1753;50543;0
1754;50544;0
1755;50545;0
1756;50546;0
1757;50547;0
1758;50549;0
1759;50551;0
1760;50552;0
1761;50554;0
1762;50556;0
1763;50557;0
1764;50558;0
1765;50559;0
1766;50560;0
1767;50561;0
1768;50562;0
1769;50563;0
1770;50564;0
1771;50565;0
1772;50654;0
1773;50672;0
1774;50673;0
1775;50674;0
1776;50692;0
1777;50693;0
1778;50712;2
1779;50713;0
1780;50714;0
1781;50753;0
1782;50771;0
1783;50791;0
1784;50792;0
1785;50794;0
1786;50797;2
1787;50799;0
1788;50800;0
1789;50801;0
1790;50801;0
1791;50802;0
1792;50803;0
1793;50804;3
1794;50805;1
1795;50806;1
1796;50807;0
1797;50808;2
1798;50809;2
1799;50810;0
1800;50812;0
1801;50831;4
1802;50838;0
1803;50916;0
1804;50918;1
1805;50919;0
1806;50921;0
1807;50922;0
1808;50923;0
1809;50952;1
1810;50972;5
1811;50973;0
1812;50974;0
1813;50975;0
1814;50976;0
1815;50977;1
1816;50978;0
1817;50979;0
1818;50980;1
1819;50981;0
1820;50983;0
1821;50984;0
1822;50985;0
1823;50991;1
1824;50992;2
1825;50993;0
1826;50994;0
1827;50995;0
1828;50996;1
1829;50998;0
1830;50999;0
1831;51000;0
1832;51001;4
1833;51002;0
1834;51003;0
1835;51004;0
1836;51005;0
1837;51006;0
1838;51007;0
1839;51008;0
1840;51009;2
1841;51010;0
1842;51011;0
1843;51012;2
1844;51013;0
1845;51015;0
1846;51016;0
1847;51017;0
1848;51018;0
1849;51019;0
1850;51020;0
1851;51021;0
1852;51022;0
1853;51023;0
1854;51024;0
1855;51025;0
1856;51026;0
1857;51027;0
1858;51031;0
1859;51032;0
1860;51033;0
1861;51052;0
1862;51053;0
1863;51054;0
1864;51055;0
1865;51071;0
1866;51072;0
1867;51073;0
1868;51074;0
1869;51075;0
1870;51076;0
1871;51077;0
1872;51078;0
1873;51079;0
1874;51080;0
1875;51080;0
1876;51081;0
1877;51082;0
1878;51083;0
1879;51084;0
1880;51086;0
1881;51087;0
1882;51091;0
1883;51092;0
1884;51093;0
1885;51094;0
1886;51095;0
1887;51096;0
1888;51097;0
1889;51098;0
1890;51099;0
1891;51111;0
1892;51112;0
1893;51131;0
1894;51132;0
1895;51133;0
1896;51134;0
1897;51135;0
1898;51137;0
1899;51139;0
1900;51140;0
1901;51141;0
1902;51142;0
1903;51143;0
1904;51144;0
1905;51145;0
1906;51146;0
1907;51147;0
1908;51148;0
1909;51149;0
1910;51151;0
1911;51153;0
1912;51154;0
1913;51155;0
1914;51156;0
1915;51157;0
1916;51158;0
1917;51159;0
1918;51160;0
1919;51161;0
1920;51162;0
1921;51163;0
1922;51164;0
1923;51165;0
1924;51179;0
1925;51181;0
1926;51182;0
1927;51185;0
1928;51186;0
1929;51189;0
1930;51211;0
1931;51258;0
1932;51259;0
1933;51260;0
1934;51261;0
1935;51262;0
1936;51263;0
1937;51264;0
1938;51265;0
1939;51266;0
1940;51267;0
1941;51268;0
1942;51269;0
1943;51285;0
1944;51302;0
1945;51304;0
1946;51307;0
1947;51308;0
1948;51309;0
1949;51310;0
1950;51314;0
1951;51315;0
1952;51317;0
1953;51318;0
1954;51319;0
1955;51320;0
1956;51321;0
1957;51322;0
1958;51323;0
1959;51324;0
1960;51325;0
1961;51326;0
1962;51327;0
1963;51328;0
1964;51330;0
1965;51336;0
1966;51337;0
1967;51338;0
1968;51339;0
1969;51340;0
1970;51341;0
1971;51342;0
1972;51343;0
1973;51344;0
1974;51345;0
1975;51346;0
1976;51347;0
1977;51391;0
1978;51393;0
1979;51394;0
1980;51412;2
1981;51413;0
1982;51414;0
1983;51416;5
1984;51417;0
1985;51418;0
1986;51419;0
1987;51420;0
1988;51421;0
1989;51432;0
1990;51433;0
1991;51433;0
1992;51434;0
1993;51435;1
1994;51436;1
1995;51436;1
1996;51437;0
1997;51438;0
1998;51439;0
1999;51440;0
2000;51441;0
2001;51442;0
2002;51443;0
2003;51444;0
2004;51445;0
2005;51446;0
2006;51448;0
2007;51449;0
2008;51451;0
2009;51452;0
2010;51453;0
2011;51454;0
2012;51455;0
2013;51456;0
2014;51456;0
2015;51457;0
2016;51458;0
2017;51459;0
2018;51460;0
2019;51461;0
2020;51462;0
2021;51463;0
2022;51464;0
2023;51465;0
2024;51471;0
2025;51472;0
2026;51473;0
2027;51474;0
2028;51475;0
2029;51477;0
2030;51478;0
2031;51479;0
2032;51480;0
2033;51481;0
2034;51482;0
2035;51517;0
2036;51531;0
2037;51532;0
2038;51533;0
2039;51534;0
2040;51535;0
2041;51536;0
2042;51537;0
2043;51538;0
2044;51539;0
2045;51540;0
2046;51541;0
2047;51542;0
2048;51543;0
2049;51544;0
2050;51545;0
2051;51546;0
2052;51547;0
2053;51548;0
2054;51549;0
2055;51550;0
2056;51551;0
2057;51552;0
2058;51553;0
2059;51554;0
2060;51555;0
2061;51556;0
2062;51557;0
2063;51558;0
2064;51559;0
2065;51567;0
2066;51568;0
2067;51569;0
2068;51570;0
2069;51571;0
2070;51591;0
2071;51592;0
2072;51593;0
2073;51594;0
2074;51596;0
2075;51597;0
2076;51653;0
2077;51653;0
2078;51654;0
2079;51655;0
2080;51656;0
2081;51671;0
2082;51672;0
2083;51673;0
2084;51674;0
2085;51675;0
2086;51676;0
2087;51691;0
2088;51692;0
2089;51693;0
2090;51694;0
2091;51695;0
2092;51711;0
2093;51712;0
2094;51713;0
2095;51716;0
2096;51719;0
2097;51720;0
2098;51731;0
2099;51732;0
2100;51733;0
2101;51734;0
2102;51735;0
2103;51740;0
2104;51741;0
2105;51751;0
2106;51752;0
2107;51753;0
2108;51754;0
2109;51755;0
2110;51756;0
2111;51757;0
2112;51758;0
2113;51759;0
2114;51760;0
2115;51761;0
2116;51762;0
2117;51763;0
2118;51764;0
2119;51765;0
2120;51766;0
2121;51768;0
2122;51771;0
2123;51774;0
2124;51775;0
2125;51776;0
2126;51777;0
2127;51778;0
2128;51780;0
2129;51781;0
2130;51781;0
2131;51783;0
2132;51784;0
2133;51785;0
2134;51786;0
2135;51787;0
2136;51789;0
2137;51792;0
2138;51793;0
2139;51794;0
2140;51795;0
2141;51796;0
2142;51797;0
2143;51798;0
2144;51801;0
2145;51806;0
2146;51807;0
2147;51807;0
2148;51808;0
2149;51809;0
2150;51815;0
2151;51816;0
2152;51818;0
2153;51819;0
2154;51820;0
2155;51823;0
2156;51824;0
2157;51825;0
2158;51828;0
2159;51830;0
2160;51831;0
2161;51834;0
2162;51835;0
2163;51836;0
2164;51851;0
2165;51853;0
2166;51854;0
2167;51855;0
2168;51856;0
2169;51857;0
2170;51858;0
2171;51860;0
2172;51861;0
2173;51863;0
2174;51864;0
2175;51864;0
2176;51867;0
2177;51868;0
2178;51869;0
2179;51870;0
2180;51872;0
2181;51873;0
2182;51874;0
2183;51877;0
2184;51878;0
2185;51880;0
2186;51881;0
2187;51882;0
2188;51883;0
2189;51883;0
2190;51884;0
2191;51885;0
2192;51886;0
2193;51887;0
2194;51888;0
2195;51991;0
2196;52051;0
2197;52053;0
2198;52054;0
2199;52055;0
2200;52056;0
2201;52057;0
2202;52058;0
2203;52059;0
2204;52060;0
2205;52061;0
2206;52062;0
2207;52063;0
2208;52064;0
2209;52065;0
2210;52066;0
2211;52067;0
2212;52068;0
2213;52069;0
2214;52070;0
2215;52071;0
2216;52072;0
2217;52073;0
2218;52231;0
2219;52240;0
2220;52241;0
2221;52242;0
2222;52243;0
2223;52244;0
2224;52245;0
2225;52246;0
2226;52247;0
2227;52248;0
2228;52262;5
2229;52263;0
2230;52264;0
2231;52265;7
2232;52271;0
2233;52273;0
2234;52274;0
2235;52275;0
2236;52276;0
2237;52277;3
2238;52278;0
2239;52279;2
2240;52280;0
2241;52281;0
2242;52282;0
2243;52283;0
2244;52284;0
2245;52285;0
2246;52286;0
2247;52287;0
2248;52288;0
2249;52288;0
2250;52289;0
2251;52290;0
2252;52291;0
2253;52292;0
2254;52293;0
2255;52295;0
2256;52296;0
2257;52297;0
2258;52298;0
2259;52300;0
2260;52301;0
2261;52302;0
2262;52303;0
2263;52304;0
2264;52305;0
2265;52306;0
2266;52307;0
2267;52308;0
2268;52309;0
2269;52310;0
2270;52311;0
2271;52312;0
2272;52313;0
2273;52314;0
2274;52315;0
2275;52316;0
2276;52317;0
2277;52318;0
2278;52331;0
2279;52332;0
2280;52333;0
2281;52334;0
2282;52335;0
2283;52336;0
2284;52337;0
2285;52338;0
2286;52340;2
2287;52341;1
2288;52342;0
2289;52343;0
2290;52343;0
2291;52344;0
2292;52345;0
2293;52345;0
2294;52346;0
2295;52471;0
2296;52531;0
2297;52532;0
2298;52533;0
2299;52536;0
2300;52537;0
2301;52538;0
2302;52539;0
2303;52539;0
2304;52551;0
2305;52552;0
2306;52553;0
2307;52554;0
2308;52571;0
2309;52572;0
2310;52591;0
2311;52592;0
2312;52594;0
2313;52595;0
2314;52596;0
2315;52597;0
2316;52598;0
2317;52599;0
2318;52600;0
2319;52611;0
2320;52613;0
2321;52614;0
2322;52614;0
2323;52615;0
2324;52617;0
2325;52618;0
2326;52620;0
2327;52621;0
2328;52622;0
2329;52623;0
2330;52624;0
2331;52631;0
2332;52632;0
2333;52633;0
2334;52634;0
2335;52635;0
2336;52636;0
2337;52637;0
2338;52638;0
2339;52639;0
2340;52640;0
2341;52651;0
2342;52652;0
2343;52653;0
2344;52654;0
2345;52671;1
2346;52672;0
2347;52673;2
2348;52674;0
2349;52675;0
2350;52676;0
2351;52691;0
2352;52692;0
2353;52693;0
2354;52694;0
2355;52695;0
2356;52696;0
2357;52697;0
2358;52698;0
2359;52699;0
2360;52700;0
2361;52713;0
2362;52714;0
2363;52715;0
2364;52716;0
2365;52717;0
2366;52718;0
2367;52719;0
2368;52720;0
2369;52721;0
2370;52722;0
2371;52723;0
2372;52724;0
2373;52725;0
2374;52726;0
2375;52727;0
2376;52728;0
2377;52729;0
2378;52730;0
2379;52731;0
2380;52751;0
2381;52752;0
2382;52753;0
2383;52754;0
2384;52755;0
2385;52757;0
2386;52758;0
2387;52759;0
2388;52760;0
2389;52761;0
2390;52762;0
2391;52763;0
2392;52764;0
2393;52779;0
2394;52793;0
2395;52811;0
2396;52812;0
2397;52813;0
2398;52814;1
2399;52815;3
2400;52816;0
2401;52817;0
2402;52818;0
2403;52819;2
2404;52831;0
2405;52832;0
2406;52833;0
2407;52834;0
2408;52835;0
2409;52836;0
2410;52837;0
2411;52838;1
2412;52839;0
2413;52840;0
2414;52841;0
2415;52843;0
2416;52844;0
2417;52845;0
2418;52846;0
2419;52847;0
2420;52848;0
2421;52849;0
2422;52850;0
2423;52851;0
2424;52852;0
2425;52853;0
2426;52854;0
2427;52855;0
2428;52856;0
2429;52857;0
2430;52858;0
2431;52871;0
2432;52872;0
2433;52873;5
2434;52874;0
2435;52875;0
2436;52876;0
2437;52933;0
2438;52934;1
2439;52935;0
2440;52936;0
2441;52937;0
2442;52938;0
2443;52939;0
2444;52940;0
2445;52941;0
2446;52942;0
2447;52943;0
2448;52943;0
2449;52944;0
2450;52945;0
2451;52946;1
2452;52947;0
2453;52948;0
2454;52950;0
2455;52951;0
2456;52952;0
2457;52953;0
2458;52954;0
2459;52955;0
2460;52956;0
2461;52958;1
2462;52959;0
2463;52967;0
2464;52968;0
2465;52970;0
2466;52971;0
2467;52972;1
2468;52973;0
2469;52974;0
2470;52975;0
2471;52976;1
2472;52977;0
2473;52978;1
2474;52979;0
2475;52980;2
2476;52981;2
2477;52982;0
2478;52983;0
2479;52984;0
2480;52987;0
2481;52988;0
2482;52989;0
2483;52990;0
2484;52991;0
2485;52992;0
2486;52992;0
2487;52993;0
2488;52994;0
2489;52995;0
2490;52996;0
2491;52997;0
2492;52998;0
2493;52999;0
2494;53000;0
2495;53001;0
2496;53002;0
2497;53003;0
2498;53004;0
2499;53005;0
2500;53006;0
2501;53007;0
2502;53008;0
2503;53009;0
2504;53010;0
2505;53012;0
2506;53061;0
2507;53062;0
2508;53063;0
2509;53064;0
2510;53065;0
2511;53066;0
2512;53067;0
2513;53068;0
2514;53069;0
2515;53070;0
2516;53071;0
2517;53072;0
2518;53073;0
2519;53074;0
2520;53075;0
2521;53076;0
2522;53077;0
2523;53078;0
2524;53079;0
2525;53080;0
2526;53081;0
2527;53082;0
2528;53103;0
2529;53104;0
2530;53104;0
2531;53105;0
2532;53106;0
2533;53107;0
2534;53108;0
2535;53109;0
2536;53110;0
2537;53111;0
2538;53112;1
2539;53113;0
2540;53114;0
2541;53115;0
2542;53116;4
2543;53117;0
2544;53118;0
2545;53119;2
2546;53120;0
2547;53121;0
2548;53122;0
2549;53123;0
2550;53124;0
2551;53125;0
2552;53126;0
2553;53127;0
2554;53128;0
2555;53129;0
2556;53130;0
2557;53131;0
2558;53132;0
2559;53133;0
2560;53148;0
2561;53149;0
2562;53150;1
2563;53151;0
2564;53152;0
2565;53153;0
2566;53154;0
2567;53164;0
2568;53165;0
2569;53166;0
2570;53167;0
2571;53168;0
2572;53169;0
2573;53170;0
2574;53175;0
2575;53176;0
2576;53177;2
2577;53178;1
2578;53179;0
2579;53180;0
2580;53181;0
2581;53182;1
2582;53183;0
2583;53184;0
2584;53185;0
2585;53186;0
2586;53187;0
2587;53188;0
2588;53189;0
2589;53190;0
2590;53191;0
2591;53192;1
2592;53193;1
2593;53194;0
2594;53195;5
2595;53196;0
2596;53197;0
2597;53198;0
2598;53199;1
2599;53200;0
2600;53201;0
2601;53202;0
2602;53203;0
2603;53204;0
2604;53205;0
2605;53206;0
2606;53207;0
2607;53208;0
2608;53209;0
2609;53210;0
2610;53211;0
2611;53212;0
2612;53213;0
2613;53222;0
2614;53223;0
2615;53224;0
2616;53225;0
2617;53226;0
2618;53227;0
2619;53228;0
2620;53229;0
2621;53230;0
2622;53231;0
2623;53232;0
2624;53233;0
2625;53234;0
2626;53235;0
2627;53236;0
2628;53237;1
2629;53238;0
2630;53239;0
2631;53240;0
2632;53241;0
2633;53247;0
2634;53248;0
2635;53254;0
2636;53255;1
2637;53256;0
2638;53257;0
2639;53258;0
2640;53259;1
2641;53260;0
2642;53261;0
2643;53262;0
2644;53263;0
2645;53264;0
2646;53265;0
2647;53266;0
2648;53267;0
2649;53268;0
2650;53269;0
2651;53270;0
2652;53271;0
2653;53272;0
2654;53273;0
2655;53274;0
2656;53275;0
2657;53276;0
2658;53277;0
2659;53278;0
2660;53279;0
2661;53280;0
2662;53281;0
2663;53282;0
2664;53283;0
2665;53284;0
2666;53285;0
2667;53286;0
2668;53287;0
2669;53288;0
2670;53289;0
2671;53290;0
2672;53306;5
2673;53307;3
2674;53308;0
2675;53309;0
2676;53310;0
2677;53311;0
2678;53312;0
2679;53313;0
2680;53314;0
2681;53315;0
2682;53316;0
2683;53317;0
2684;53318;0
2685;53323;1
2686;53324;0
2687;53325;0
2688;53326;0
2689;53327;0
2690;53328;0
2691;53330;0
2692;53331;3
2693;53332;0
2694;53333;0
2695;53339;0
2696;53340;0
2697;53341;1
2698;53342;0
2699;53343;0
2700;53344;0
2701;53345;0
2702;53346;0
2703;53347;0
2704;53348;0
2705;53349;0
2706;53351;0
2707;53353;0
2708;53354;0
2709;53355;0
2710;53356;0
2711;53357;0
2712;53358;0
2713;53359;0
2714;53360;0
2715;53361;0
2716;53362;0
2717;53363;0
2718;53364;0
2719;53370;0
2720;53371;0
2721;53372;0
2722;53373;0
2723;53374;0
2724;53375;0
2725;53376;1
2726;53377;0
2727;53378;0
2728;53379;0
2729;53380;0
2730;53381;1
2731;53382;0
2732;53385;0
2733;53386;0
2734;53387;0
2735;53388;0
2736;53389;0
2737;53390;0
2738;53391;0
2739;53392;0
2740;53402;0
2741;53410;0
2742;53411;0
2743;53412;0
2744;53413;0
2745;53416;0
2746;53417;0
2747;53418;1
2748;53419;0
2749;53420;0
2750;53421;0
2751;53422;0
2752;53423;0
2753;53424;0
2754;53426;0
2755;53427;0
2756;53428;0
2757;53430;0
2758;53431;2
2759;53432;0
2760;53433;0
2761;53434;0
2762;53435;0
2763;53436;0
2764;53437;0
2765;53438;0
2766;53440;0
2767;53441;0
2768;53442;0
2769;53449;0
2770;53450;0
2771;53451;0
2772;53452;0
2773;53453;0
2774;53454;0
2775;53455;0
2776;53462;0
2777;53463;0
2778;53465;1
2779;53466;0
2780;53467;0
2781;53468;0
2782;53469;2
2783;53470;1
2784;53471;0
2785;53472;1
2786;53473;1
2787;53474;0
2788;53475;0
2789;53476;0
2790;53477;0
2791;53478;0
2792;53480;0
2793;53481;0
2794;53482;2
2795;53483;0
2796;53484;0
2797;53485;0
2798;53486;0
2799;53487;0
2800;53488;4
2801;53489;0
2802;53490;0
2803;53491;0
2804;53492;0
2805;53493;0
2806;53494;0
2807;53495;0
2808;53496;0
2809;53497;1
2810;53498;0
2811;53499;0
2812;53500;0
2813;53501;2
2814;53502;0
2815;53503;0
2816;53504;0
2817;53505;0
2818;53506;0
2819;53507;0
2820;53508;0
2821;53509;0
2822;53510;0
2823;53511;0
2824;53512;0
2825;53513;0
2826;53514;0
2827;53515;0
2828;53516;0
2829;53517;0
2830;53518;0
2831;53519;0
2832;53520;0
2833;53524;0
2834;53532;0
2835;53533;0
2836;53534;0
2837;53543;0
2838;53545;0
2839;53546;2
2840;53547;1
2841;53550;1
2842;53551;0
2843;53552;0
2844;53553;0
2845;53554;0
2846;53555;0
2847;53556;1
2848;53557;0
2849;53558;0
2850;53559;4
2851;53560;0
2852;53561;1
2853;53562;0
2854;53563;0
2855;53564;1
2856;53565;0
2857;53566;0
2858;53567;0
2859;53568;0
2860;53569;0
2861;53570;0
2862;53571;0
2863;53572;0
2864;53573;0
2865;53574;0
2866;53575;0
2867;53576;1
2868;53577;0
2869;53578;0
2870;53579;1
2871;53580;0
2872;53581;0
2873;53582;0
2874;53583;0
2875;53584;0
2876;53585;0
2877;53586;0
2878;53587;0
2879;53589;0
2880;53590;0
2881;53591;0
2882;53592;0
2883;53593;0
2884;53594;0
2885;53595;0
2886;53596;0
2887;53597;0
2888;53598;0
2889;53599;0
2890;53601;1
2891;53602;0
2892;53603;0
2893;53604;0
2894;53605;0
2895;53606;0
2896;53607;0
2897;53608;0
2898;53609;0
2899;53610;0
2900;53611;0
2901;53618;0
2902;53625;3
2903;53626;0
2904;53627;0
2905;53628;0
2906;53629;0
2907;53630;0
2908;53631;0
2909;53633;0
2910;53634;0
2911;53635;0
2912;53636;0
2913;53637;0
2914;53638;0
2915;53639;0
2916;53640;0
2917;60600;0
2918;60601;0
2919;60602;0
2920;60603;0
2921;60604;0
2922;60605;0
2923;60608;0
2924;60609;0
2925;60610;0
2926;60611;0
2927;60612;0
2928;60613;0
2929;60615;0
2930;60616;0
2931;60620;0
2932;60625;0
2933;60629;0
2934;60630;0
2935;60631;0
2936;60632;0
2937;60634;2
2938;60636;0
2939;60637;0
2940;60639;0
2941;60640;0
2942;60641;0
2943;60642;0
2944;60645;0
2945;60649;0
2946;60651;0
2947;60653;0
2948;60657;0
2949;60659;0
2950;60660;0
2951;60661;0
2952;60662;0
2953;60664;0
2954;60665;0
2955;60667;0
2956;60668;0
2957;60669;0
2958;60671;0
2959;60672;0
2960;60676;1
2961;60677;0
2962;60679;0
2963;60681;0
2964;60682;0
2965;60686;6
2966;60688;0
2967;60689;0
2968;60690;0
2969;60691;0
2970;60692;0
2971;60693;2
2972;60694;0
2973;60696;0
2974;60697;0
2975;60708;0
2976;60709;0
2977;60710;0
2978;60711;0
2979;60712;0
2980;60713;0
2981;60721;0
2982;60725;0
2983;60726;0
2984;60726;0
2985;60727;0
2986;60728;0
2987;60729;0
2988;60730;0
2989;60732;0
2990;60734;1
2991;60735;0
2992;60738;0
2993;60739;0
2994;60740;0
2995;60741;0
2996;60745;0
2997;60749;0
2998;60751;0
2999;60752;0
3000;60753;1
3001;60756;0
3002;60767;0
3003;60768;0
3004;60769;0
3005;60770;0
3006;60783;0
3007;60784;0
3008;60785;0
3009;60787;0
3010;60790;0
3011;60792;0
3012;60793;0
3013;60800;2
3014;60802;2
3015;60805;0
3016;60808;0
3017;60809;0
3018;60810;0
3019;60811;0
3020;60817;0
3021;60819;0
3022;60836;0
3023;60837;0
3024;60841;0
3025;60844;0
3026;60845;0
3027;60846;0
3028;60846;0
3029;60847;0
3030;60849;0
3031;60853;0
3032;60857;0
3033;60859;0
3034;60861;1
3035;60862;0
3036;60864;0
3037;60867;0
3038;60869;0
3039;60870;0
3040;60872;1
3041;60877;0
3042;60878;0
3043;60881;0
3044;60882;7
3045;60883;0
3046;60892;0
3047;60894;0
3048;60897;0
3049;60903;0
3050;60904;0
3051;60914;0
3052;60917;0
3053;60922;1
3054;60924;0
3055;60925;0
3056;60927;0
3057;60929;0
3058;60930;0
3059;60936;0
3060;60944;0
3061;60947;0
3062;60947;1
3063;60948;0
3064;60949;0
3065;60951;0
3066;60954;0
3067;60955;0
3068;60956;0
3069;60966;0
3070;60972;0
3071;60974;0
3072;60975;0
3073;60976;0
3074;60980;0
3075;60981;0
3076;60983;0
3077;60984;2
3078;60988;0
3079;60991;0
3080;60992;0
3081;60994;0
3082;60996;0
3083;60996;0
3084;60997;0
3085;60998;0
3086;61000;0
3087;61001;0
3088;61002;0
3089;61003;0
3090;61004;0
3091;61006;0
3092;61007;0
3093;61008;0
3094;61009;0
3095;61010;0
3096;61011;0
3097;61012;0
3098;61014;0
3099;61014;0
3100;61015;0
3101;61025;0
3102;61030;0
3103;61031;0
3104;61033;0
3105;61037;0
3106;61042;0
3107;61043;0
3108;61051;0
3109;61052;0
3110;61053;0
3111;61070;0
3112;61071;2
3113;61073;0
3114;61075;0
3115;61079;0
3116;61080;0
3117;65180;0
3118;65185;0
3119;65186;2
3120;65190;0
3121;65192;0
3122;65198;0
3123;65200;0
3124;65202;0
3125;65203;0
3126;65210;0
3127;65218;1
3128;65229;0
3129;65237;0
3130;65244;0
3131;65255;4
3132;65259;0
3133;65262;0
3134;65270;0
3135;65272;0
3136;65275;0
3137;65288;0
3138;65289;0
3139;65290;0
3140;65292;0
3141;65293;0
3142;65312;0
3143;65318;0
3144;65321;1
3145;65324;0
3146;65330;0
3147;65337;0
3148;65358;0
3149;65359;0
3150;65360;5
3151;65367;0
3152;65372;0
3153;65380;0
3154;65383;5
3155;65389;0
3156;65392;0
3157;65394;1
3158;65397;2
3159;65399;0
3160;65412;0
3161;65413;0
3162;65414;0
3163;65418;0
3164;65420;0
3165;65420;0
3166;65421;1
3167;65422;0
3168;65424;0
3169;65425;0
3170;65426;0
3171;65441;0
3172;65443;0
3173;65445;0
3174;65445;0
3175;65446;0
3176;65448;0
3177;65450;0
3178;65459;0
3179;65460;0
3180;65461;0
3181;65469;0
3182;65471;0
3183;65483;0
3184;65487;0
3185;65490;8
3186;65491;0
3187;65492;0
3188;65493;0
3189;65494;0
3190;65496;0
3191;65507;0
3192;65509;0
3193;65512;0
3194;65516;0
3195;65518;0
3196;65519;0
3197;65528;0
3198;65530;0
3199;65536;0
3200;65543;0
3201;65545;0
3202;65546;0
3203;65548;0
3204;65563;0
3205;65569;0
3206;65572;0
3207;65575;0
3208;65589;0
3209;65622;0
3210;65623;0
3211;65627;0
3212;65632;2
3213;65633;0
3214;65653;0
3215;65659;0
3216;65660;0
3217;65662;0
3218;65674;0
3219;65679;0
3220;65684;0
3221;65693;0
3222;65694;0
3223;65695;0
3224;65713;4
3225;65714;0
3226;65715;0
3227;65716;0
3228;65717;0
3229;65722;0
3230;65724;0
3231;65736;0
3232;65736;0
3233;65741;0
3234;65743;1
3235;65745;0
3236;65749;0
3237;65750;1
3238;65754;0
3239;65757;0
3240;65758;0
3241;65765;0
3242;65766;0
3243;65768;0
3244;65770;0
3245;65771;0
3246;65774;4
3247;65794;1
3248;65795;0
3249;65797;0
3250;65799;0
3251;65800;0
3252;65808;0
3253;65809;1
3254;65810;0
3255;65813;0
3256;65815;0
3257;65818;0
3258;65820;0
3259;65824;0
3260;65825;1
3261;65827;0
3262;65831;0
3263;65834;0
3264;65835;0
3265;65839;0
3266;65840;0
3267;65843;0
3268;65844;0
3269;65854;0
3270;65863;0
3271;65864;0
3272;65865;0
3273;65866;0
3274;65867;0
3275;65876;0
3276;65878;0
3277;65890;0
3278;65892;0
3279;65893;2
3280;65916;0
3281;65920;0
3282;65921;0
3283;65921;0
3284;65922;0
3285;65923;0
3286;65929;1
3287;65931;0
3288;65934;2
3289;65936;0
3290;65953;0
3291;65963;0
3292;65963;0
3293;65972;0
3294;65974;0
3295;65978;0
3296;65980;0
3297;65981;0
3298;65982;0
3299;65984;0
3300;65990;0
3301;65994;0
3302;65998;0
3303;66005;0
3304;66007;0
3305;66019;0
3306;66020;0
3307;66021;0
3308;66022;4
3309;66034;0
3310;66036;0
3311;66037;0
3312;66039;0
3313;66048;0
3314;66049;0
3315;66050;0
3316;66051;0
3317;66064;0
3318;66065;0
3319;66066;1
3320;66073;0
3321;66075;0
3322;66076;0
3323;66078;4
3324;66081;0
3325;66082;0
3326;66083;0
3327;66084;1
3328;66086;6
3329;66088;0
3330;66089;0
3331;66090;0
3332;66093;0
3333;66094;0
3334;66100;1
3335;66109;0
3336;66121;0
3337;66127;0
3338;66128;1
3339;66129;0
3340;66131;0
3341;66140;0
3342;66145;0
3343;66155;0
3344;66156;3
3345;66158;0
3346;66159;0
3347;66160;1
3348;66192;0
3349;66197;0
3350;66198;0
3351;66199;0
3352;66203;0
3353;66204;0
3354;66210;0
3355;66215;0
3356;66216;0
3357;66221;0
3358;66222;0
3359;66223;0
3360;66244;2
3361;66247;0
3362;66250;0
3363;66253;0
3364;66261;0
3365;66262;1
3366;66263;0
3367;66265;0
3368;66270;0
3369;66271;0
3370;66272;0
3371;66273;0
3372;66274;0
3373;66278;0
3374;66281;0
3375;66282;0
3376;66287;0
3377;66290;0
3378;66298;0
3379;66300;0
3380;66301;0
3381;66309;5
3382;66310;0
3383;66321;0
3384;66323;0
3385;66324;0
3386;66325;0
3387;66329;0
3388;66332;0
3389;66333;0
3390;66334;0
3391;66335;0
3392;66342;0
3393;66349;0
3394;66350;0
3395;66352;0
3396;66362;0
3397;66368;0
3398;66378;0
3399;66382;0
3400;66385;0
3401;66394;0
3402;66395;0
3403;66397;1
3404;66405;0
3405;66406;2
3406;66409;0
3407;66412;0
3408;66414;0
3409;66417;1
3410;66427;0
3411;66430;0
3412;66431;0
3413;66432;0
3414;66434;0
3415;66437;0
3416;66440;0
3417;66443;0
3418;66444;0
3419;66445;0
3420;66445;0
3421;66446;0
3422;66449;0
3423;66450;0
3424;66451;1
3425;66454;0
3426;66455;0
3427;66457;0
3428;66477;0
3429;66489;0
3430;66500;0
3431;66503;0
3432;66508;0
3433;66509;0
3434;66510;0
3435;66512;0
3436;66514;0
3437;66516;0
3438;66521;0
3439;66522;0
3440;66524;0
3441;66525;0
3442;66527;0
3443;66529;0
3444;66531;0
3445;66532;0
3446;66536;0
3447;66539;0
3448;66541;0
3449;66543;0
3450;66544;0
3451;66549;0
3452;66550;0
3453;66551;0
3454;66552;0
3455;66555;0
3456;66556;0
3457;66557;0
3458;66559;0
3459;66562;0
3460;66566;0
3461;66570;0
3462;66578;0
3463;66579;0
3464;66582;0
3465;66585;2
3466;66592;0
3467;66594;0
3468;66595;0
3469;66597;0
3470;66607;0
3471;66608;0
3472;66609;2
3473;66613;0
3474;66616;0
3475;66623;0
3476;66624;0
3477;66639;0
3478;66640;0
3479;66645;0
3480;66646;1
3481;66650;0
3482;66654;2
3483;66655;0
3484;66660;0
3485;66662;0
3486;66665;0
3487;66667;0
3488;66669;0
3489;66670;0
3490;66674;0
3491;66675;0
3492;66679;0
3493;66682;0
3494;66684;0
3495;66685;2
3496;66695;0
3497;66696;0
3498;66697;0
3499;66700;0
3500;66703;0
3501;66707;0
3502;66708;0
3503;66711;0
3504;66717;0
3505;66721;0
3506;66723;0
3507;66725;0
3508;66729;0
3509;66730;0
3510;66731;0
3511;66735;0
3512;66739;0
3513;66740;0
3514;66741;0
3515;66742;0
3516;66743;0
3517;66745;0
3518;66746;0
3519;66757;0
3520;66758;0
3521;66759;0
3522;66760;0
3523;66762;0
3524;66766;0
3525;66769;0
3526;66770;0
3527;66771;0
3528;66773;0
3529;66777;0
3530;66779;0
3531;66780;0
3532;66786;0
3533;66787;0
3534;66788;0
3535;66791;0
3536;66792;0
3537;66800;2
3538;66801;0
3539;66807;0
3540;66809;0
3541;66810;0
3542;66816;0
3543;66824;0
3544;66826;0
3545;66838;0
3546;66839;0
3547;66842;0
3548;66843;0
3549;66844;0
3550;66846;0
3551;66854;0
3552;66860;0
3553;66866;0
3554;66872;0
3555;66873;0
3556;66874;0
3557;66878;0
3558;66879;0
3559;66880;0
3560;66881;0
3561;66891;1
3562;66895;0
3563;66903;0
3564;66907;0
3565;66911;0
3566;66916;0
3567;66922;0
3568;66924;0
3569;66925;0
3570;66934;0
3571;66937;0
3572;66952;0
3573;66953;4
3574;66957;0
3575;66962;0
3576;66970;0
3577;66971;0
3578;66972;0
3579;66973;0
3580;66974;0
3581;66977;0
3582;66979;0
3583;66980;0
3584;66987;0
3585;66988;0
3586;66989;0
3587;66991;0
3588;66991;0
3589;67003;0
3590;67005;0
3591;67008;0
3592;67009;0
3593;67010;0
3594;67011;0
3595;67022;0
3596;67028;0
3597;67034;0
3598;67038;0
3599;67040;0
3600;67047;0
3601;67048;0
3602;67053;0
3603;67054;0
3604;67055;0
3605;67058;2
3606;67066;0
3607;67068;0
3608;67075;0
3609;67077;0
3610;67078;0
3611;67086;0
3612;67096;0
3613;67098;0
3614;67100;0
3615;67101;0
3616;67114;0
3617;67118;0
3618;67119;0
3619;67121;0
3620;67127;0
3621;67129;0
3622;67136;0
3623;67137;0
3624;67139;0
3625;67140;0
3626;67142;0
3627;67152;0
3628;67155;0
3629;67158;0
3630;67159;0
3631;67163;0
3632;77200;1
3633;77202;0
3634;77203;0
3635;77205;0
3636;77206;0
3637;77208;0
3638;77209;0
3639;77211;0
3640;77213;0
3641;77230;0
3642;77239;0
3643;77244;0
3644;77245;0
3645;77247;0
3646;77248;0
3647;77249;0
3648;77250;0
3649;77251;1
3650;77252;3
3651;77255;0
3652;77256;0
3653;77257;0
3654;77258;0
3655;77259;0
3656;77264;0
3657;77265;0
3658;77267;0
3659;77271;0
3660;77276;0
3661;77277;0
3662;77278;0
3663;77281;0
3664;77281;0
3665;77285;0
3666;77288;0
3667;77289;0
3668;77294;0
3669;77296;0
3670;77297;0
3671;77298;0
3672;77299;0
3673;77301;0
3674;77303;0
3675;77304;0
3676;77306;0
3677;77307;0
3678;77311;0
3679;77312;0
3680;77314;0
3681;77315;0
3682;77316;0
3683;77320;0
3684;77322;0
3685;77323;0
3686;77324;0
3687;77327;0
3688;77329;0
3689;77331;0
3690;77333;1
3691;77337;0
3692;77338;0
3693;77345;1
3694;77348;0
3695;77349;0
3696;77351;0
3697;77352;0
3698;77353;0
3699;77354;0
3700;77357;0
3701;77360;0
3702;77364;0
3703;77368;0
3704;77371;0
3705;77375;0
3706;77377;0
3707;77378;0
3708;77386;2
3709;77388;0
3710;77391;0
3711;77394;0
3712;77395;0
3713;77398;1
3714;77399;0
3715;77401;0
3716;77402;0
3717;77404;0
3718;77407;5
3719;77410;0
3720;77413;0
3721;77414;0
3722;77421;0
3723;77424;1
3724;77429;0
3725;77431;0
3726;77437;0
3727;77438;0
3728;77439;0
3729;77441;0
3730;77446;0
3731;77447;1
3732;77449;0
3733;77450;0
3734;77452;3
3735;77454;0
3736;77470;0
3737;77474;0
3738;77475;0
3739;77483;0
3740;77487;0
3741;77492;0
3742;77494;0
3743;77495;0
3744;77498;0
3745;77498;0
3746;77500;0
3747;77501;0
3748;77502;0
3749;77503;0
3750;77504;0
3751;77505;0
3752;77507;0
3753;77510;0
3754;77513;0
3755;77515;0
3756;77521;0
3757;77522;1
3758;77524;0
3759;77535;0
3760;77536;0
3761;77537;0
3762;77542;0
3763;77544;0
3764;77550;0
3765;77552;0
3766;77553;0
3767;77554;0
3768;77556;0
3769;77562;0
3770;77565;0
3771;77568;0
3772;77569;0
3773;77571;0
3774;77572;0
3775;77573;0
3776;77575;0
3777;77576;1
3778;77580;0
3779;77581;0
3780;77586;0
3781;77587;0
3782;77594;0
3783;77595;0
3784;77602;0
3785;77603;0
3786;77607;0
3787;77608;0
3788;77610;0
3789;77612;0
3790;77614;0
3791;77616;0
3792;77617;0
3793;77622;0
3794;77627;0
3795;77630;0
3796;77631;0
3797;77632;0
3798;77636;0
3799;77637;0
3800;77638;0
3801;77639;0
3802;77640;0
3803;77641;0
3804;77642;0
3805;77643;0
3806;77649;0
3807;77650;0
3808;77653;0
3809;77656;0
3810;77657;0
3811;77660;0
3812;77661;0
3813;77663;0
3814;77666;0
3815;77667;1
3816;77670;3
3817;77672;0
3818;77673;0
3819;77675;0
3820;77676;0
3821;77678;3
3822;77679;0
3823;77680;0
3824;77682;0
3825;77684;0
3826;77685;0
3827;77686;0
3828;77687;1
3829;77688;0
3830;77689;0
3831;77690;2
3832;77691;1
3833;77693;0
3834;77694;0
3835;77695;0
3836;77696;0
3837;77697;0
3838;77698;0
3839;77699;0
3840;77700;4
3841;77701;0
3842;77702;0
3843;77703;0
3844;77704;0
3845;77705;0
3846;77707;0
3847;77710;1
3848;77716;0
3849;77717;0
3850;77718;0
3851;77719;0
3852;77724;0
3853;77726;0
3854;77728;0
3855;77729;0
3856;77730;0
3857;77731;0
3858;77732;3
3859;77733;0
3860;77734;0
3861;77736;0
3862;77740;0
3863;77741;0
3864;77742;0
3865;77743;0
3866;77747;0
3867;77749;0
3868;77750;0
3869;77751;0
3870;77752;0
3871;77753;0
3872;77754;0
3873;77755;0
3874;77756;0
3875;77757;0
3876;77761;0
3877;77763;0
3878;77764;0
3879;77765;0
3880;77766;0
3881;77768;0
3882;77769;0
3883;77770;0
3884;77771;0
3885;77773;0
3886;77774;0
3887;77775;0
3888;77778;0
3889;77779;0
3890;77780;0
3891;77781;0
3892;77781;0
3893;77782;0
3894;77784;0
3895;77785;4
3896;77786;0
3897;77787;0
3898;77789;0
3899;77790;0
3900;77791;0
3901;77792;0
3902;77793;0
3903;77794;0
3904;77800;0
3905;77803;0
3906;77803;0
3907;77805;0
3908;77807;0
3909;77808;0
3910;77809;0
3911;77814;0
3912;77816;0
3913;77818;0
3914;77819;0
3915;77820;0
3916;77823;0
3917;77826;0
3918;77827;0
3919;77830;0
3920;77832;0
3921;77832;0
3922;77835;0
3923;77836;0
3924;77838;0
3925;77839;0
3926;77840;0
3927;77841;0
3928;77842;0
3929;77846;0
3930;77847;0
3931;77848;0
3932;77849;0
3933;77850;0
3934;77851;0
3935;77852;2
3936;77853;0
3937;77856;0
3938;77857;0
3939;77859;0
3940;77859;0
3941;77860;0
3942;77861;0
3943;77862;0
3944;77863;0
3945;77864;0
3946;77865;0
3947;77866;0
3948;77867;0
3949;77868;0
3950;77871;0
3951;77872;0
3952;77875;0
3953;77877;1
3954;77878;0
3955;77886;0
3956;77890;0
3957;77891;0
3958;77893;0
3959;77894;0
3960;77895;2
3961;77896;0
3962;77898;0
3963;77899;0
3964;77900;0
3965;77901;0
3966;77903;0
3967;77904;0
3968;77905;0
3969;77909;0
3970;77910;1
3971;77911;0
3972;77916;0
3973;77917;0
3974;77918;0
3975;77919;0
3976;77921;0
3977;77923;0
3978;77924;0
3979;77930;0
3980;77933;0
3981;77934;0
3982;77935;0
3983;77936;0
3984;77939;0
3985;77940;0
3986;77942;0
3987;77943;0
3988;77944;0
3989;77946;0
3990;77957;0
3991;77958;0
3992;77961;2
3993;77963;0
3994;77966;0
3995;77967;0
3996;77969;0
3997;77974;0
3998;77975;0
3999;77977;0
4000;77978;0
4001;77980;0
4002;77981;0
4003;77985;1
4004;77987;0
4005;77989;0
4006;77991;0
4007;77993;0
4008;77994;0
4009;77995;0
4010;77996;0
4011;78004;0
4012;78006;0
4013;78008;0
4014;78010;0
4015;78011;0
4016;78013;0
4017;78014;0
4018;78015;0
4019;78018;0
4020;78019;0
4021;78020;0
4022;78021;0
4023;78023;0
4024;78024;0
4025;78025;0
4026;78026;0
4027;78028;0
4028;78031;0
4029;78031;0
4030;78032;0
4031;78033;0
4032;78034;0
4033;78035;0
4034;78035;0
4035;78036;2
4036;78037;0
4037;78041;0
4038;78042;0
4039;78045;0
4040;78051;0
4041;78052;0
4042;78053;0
4043;78054;2
4044;78055;0
4045;78057;0
4046;78058;3
4047;78061;0
4048;78066;0
4049;78067;0
4050;78071;0
4051;78071;0
4052;78072;0
4053;78075;0
4054;78076;4
4055;78078;0
4056;78079;1
4057;78080;1
4058;78081;0
4059;78082;0
4060;78084;0
4061;78085;0
4062;78088;0
4063;78089;0
4064;78091;0
4065;78093;0
4066;78094;0
4067;78095;0
4068;78098;0
4069;78099;0
4070;78102;0
4071;78102;0
4072;78103;0
4073;78105;0
4074;78108;0
4075;78109;0
4076;78110;0
4077;78111;2
4078;78117;0
4079;78121;0
4080;78123;0
4081;78125;0
4082;78134;0
4083;78137;0
4084;78138;0
4085;78140;0
4086;78141;0
4087;78143;0
4088;78144;0
4089;78146;0
4090;78147;0
4091;78149;0
4092;78152;0
4093;78153;0
4094;78154;0
4095;78157;0
4096;78158;1
4097;78160;0
4098;78161;1
4099;78162;0
4100;78163;0
4101;78165;0
4102;78171;0
4103;78172;0
4104;78174;0
4105;78175;0
4106;78176;0
4107;78181;0
4108;78182;0
4109;78183;1
4110;78184;0
4111;78185;0
4112;78186;0
4113;78187;0
4114;78188;0
4115;78189;0
4116;78192;0
4117;78198;0
4118;78200;0
4119;78201;0
4120;78202;0
4121;78203;0
4122;78204;0
4123;78205;0
4124;78206;0
4125;78207;0
4126;78208;0
4127;78213;0
4128;78214;0
4129;78220;0
4130;78228;0
4131;78230;0
4132;78231;0
4133;78233;0
4134;78235;0
4135;78237;0
4136;78238;0
4137;78239;0
4138;78240;0
4139;78241;0
4140;78243;0
4141;78246;0
4142;78247;0
4143;78249;0
4144;78249;0
4145;78249;0
4146;78254;0
4147;78256;0
4148;78258;0
4149;78260;0
4150;78263;0
4151;78264;0
4152;78266;0
4153;78273;0
4154;78274;0
4155;78275;1
4156;78276;0
4157;78278;0
4158;78281;0
4159;78282;0
4160;78283;5
4161;78284;0
4162;78287;0
4163;78289;5
4164;78291;0
4165;78292;0
4166;78293;0
4167;78295;0
4168;78296;0
4169;78298;0
4170;78300;0
4171;78306;0
4172;78306;0
4173;78308;0
4174;78309;0
4175;78310;0
4176;78311;0
4177;78312;0
4178;78313;0
4179;78314;0
4180;78315;0
4181;78316;0
4182;78317;2
4183;78318;0
4184;78320;0
4185;78321;0
4186;78322;0
4187;78324;1
4188;78325;0
4189;78326;0
4190;78330;0
4191;78332;0
4192;78333;6
4193;78334;0
4194;78336;0
4195;78337;4
4196;78338;0
4197;78339;0
4198;78340;0
4199;78341;0
4200;78342;0
4201;78343;0
4202;78344;2
4203;78347;1
4204;78348;0
4205;78349;0
4206;78350;0
4207;78351;0
4208;78352;0
4209;78353;0
4210;78354;0
4211;78356;1
4212;78357;0
4213;78359;0
4214;78360;0
4215;78363;0
4216;78366;0
4217;78367;0
4218;78368;0
4219;78370;0
4220;78371;0
4221;78372;0
4222;78373;0
4223;78374;0
4224;78375;0
4225;78379;0
4226;78380;0
4227;78383;0
4228;78384;0
4229;78387;0
4230;78388;0
4231;78390;1
4232;78391;1
4233;78394;0
4234;78396;0
4235;78397;0
4236;78405;0
4237;78406;0
4238;78407;0
4239;78408;0
4240;78409;0
4241;78410;0
4242;78411;0
4243;78411;0
4244;78412;0
4245;78416;0
4246;78418;0
4247;78426;0
4248;78427;0
4249;78428;0
4250;78429;0
4251;78430;0
4252;78432;2
4253;78433;0
4254;78435;0
4255;78437;0
4256;78438;1
4257;78439;1
4258;78442;0
4259;78444;0
4260;78445;0
4261;78454;0
4262;78455;1
4263;78459;0
4264;78460;0
4265;78461;0
4266;78467;0
4267;78468;0
4268;78469;0
4269;78471;0
4270;78472;0
4271;78478;0
4272;78479;0
4273;78483;0
4274;78485;0
4275;78488;0
4276;78489;0
4277;78492;0
4278;78493;0
4279;78494;0
4280;78496;0
4281;78497;0
4282;78498;0
4283;78499;0
4284;78513;0
4285;78514;0
4286;78516;0
4287;78517;0
4288;78518;0
4289;78520;0
4290;78522;0
4291;78523;0
4292;78524;0
4293;78525;2
4294;78526;0
4295;78527;0
4296;78528;0
4297;78529;0
4298;78530;0
4299;78531;0
4300;78532;2
4301;78533;0
4302;78535;1
4303;78536;0
4304;78538;0
4305;78540;0
4306;78542;0
4307;78544;0
4308;78546;0
4309;78548;2
4310;78549;0
4311;78550;1
4312;78551;0
4313;78552;0
4314;78553;0
4315;78554;0
4316;78556;0
4317;78557;0
4318;78559;0
4319;78560;0
4320;78562;0
4321;78563;0
4322;78564;0
4323;78568;0
4324;78570;0
4325;78571;0
4326;78572;0
4327;78575;0
4328;78576;0
4329;78578;0
4330;78579;0
4331;78580;0
4332;78582;1
4333;78583;0
4334;78585;0
4335;78586;0
4336;78587;0
4337;78588;0
4338;78589;0
4339;78590;0
4340;78591;0
4341;78591;0
4342;78593;0
4343;78595;0
4344;78596;0
4345;78597;0
4346;78599;0
4347;78601;0
4348;78603;0
4349;78604;0
4350;78605;0
4351;78607;0
4352;78608;0
4353;78609;0
4354;78610;1
4355;78612;0
4356;78616;0
4357;78617;0
4358;78619;0
4359;78620;0
4360;78623;0
4361;78624;0
4362;78625;0
4363;78626;2
4364;78627;0
4365;78628;0
4366;78629;0
4367;78631;0
4368;78632;0
4369;78635;0
4370;78636;0
4371;78637;0
4372;78638;0
4373;78640;0
4374;78641;0
4375;78643;0
4376;78645;0
4377;78650;0
4378;78651;0
4379;78652;0
4380;78653;0
4381;78655;0
4382;78656;1
4383;78657;0
4384;78661;0
4385;78662;0
4386;78665;0
4387;78669;0
4388;78673;0
4389;78674;0
4390;78683;0
4391;78684;0
4392;78695;1
4393;78696;0
4394;78697;0
4395;78698;0
4396;78699;0
4397;78700;0
4398;78701;0
4399;78702;0
4400;78703;0
4401;78704;0
4402;78706;0
4403;78707;0
4404;78708;0
4405;78709;1
4406;78710;0
4407;78711;0
4408;78712;0
4409;78713;0
4410;78714;0
4411;78715;0
4412;78716;0
4413;78717;2
4414;78718;0
4415;78719;0
4416;78720;0
4417;78721;0
4418;78722;2
4419;78723;0
4420;78724;0
4421;78725;0
4422;78726;0
4423;78727;0
4424;78728;0
4425;78730;0
4426;78731;0
4427;78732;0
4428;78733;0
4429;78735;0
4430;78737;0
4431;78738;0
4432;78740;0
4433;78741;0
4434;78742;0
4435;78743;0
4436;78744;1
4437;78745;1
4438;78746;0
4439;78747;0
4440;78748;0
4441;78749;0
4442;78750;0
4443;78751;0
4444;78752;0
4445;78753;0
4446;78754;0
4447;78755;0
4448;78756;0
4449;78757;2
4450;78758;0
4451;78759;0
4452;78760;0
4453;78761;0
4454;78762;0
4455;78763;1
4456;78764;0
4457;78765;0
4458;78766;0
4459;78767;0
4460;78768;0
4461;78769;0
4462;78770;0
4463;78771;0
4464;78772;3
4465;78773;0
4466;78774;0
4467;78775;0
4468;78776;3
4469;78777;0
4470;78778;0
4471;78779;0
4472;78780;0
4473;78781;0
4474;78782;3
4475;78783;2
4476;78784;0
4477;78785;0
4478;78786;2
4479;78787;0
4480;78788;0
4481;78789;0
4482;78790;0
4483;78792;0
4484;78793;0
4485;78795;0
4486;78796;4
4487;78797;0
4488;78798;0
4489;78799;0
4490;78799;0
4491;78800;1
4492;78810;0
4493;78811;0
4494;78812;1
4495;78813;0
4496;78814;0
4497;78816;0
4498;78817;0
4499;78818;1
4500;78819;0
4501;78820;0
4502;78821;0
4503;78822;0
4504;78823;0
4505;78824;0
4506;78826;0
4507;78828;0
4508;78830;0
4509;78831;0
4510;78832;5
4511;78833;0
4512;78834;5
4513;78835;0
4514;78836;0
4515;78837;1
4516;78838;0
4517;78839;0
4518;78855;0
4519;78856;0
4520;78857;0
4521;78858;0
4522;78859;0
4523;78860;0
4524;78861;0
4525;78862;0
4526;78863;0
4527;78864;0
4528;78865;0
4529;78866;0
4530;78867;0
4531;78868;0
4532;78869;0
4533;78870;0
4534;78872;0
4535;78873;0
4536;78874;0
4537;78875;0
4538;78876;0
4539;78877;0
4540;78878;0
4541;78879;0
4542;78880;0
4543;78881;0
4544;78882;0
4545;78883;0
4546;78884;0
4547;78885;0
4548;78886;0
4549;78887;0
4550;78888;0
4551;78889;0
4552;78890;0
4553;78891;0
4554;78892;0
4555;78893;0
4556;78894;0
4557;78895;0
4558;78896;0
4559;78897;0
4560;78898;0
4561;78899;0
4562;78900;0
4563;78901;0
4564;78902;0
4565;78903;0
4566;78904;0
4567;78905;0
4568;78906;0
4569;78907;0
4570;78908;0
4571;78909;0
4572;78910;0
4573;78911;0
4574;78912;0
4575;78913;0
4576;78914;0
4577;78915;0
4578;78916;0
4579;78917;0
4580;78918;0
4581;78919;0
4582;78920;0
4583;78921;0
4584;78922;0
4585;78923;0
4586;78924;0
4587;78925;0
4588;78926;0
4589;78927;0
4590;78928;0
4591;78929;0
4592;78930;0
4593;78932;0
4594;78933;0
4595;78934;0
4596;78935;0
4597;78936;0
4598;78937;0
4599;78938;0
4600;78939;0
4601;78940;0
4602;78941;0
4603;78942;0
4604;78943;0
4605;78944;0
4606;78945;0
4607;78946;0
4608;78947;0
4609;78948;0
4610;78949;0
4611;78950;0
4612;78951;0
4613;78952;0
4614;78953;0
4615;78954;0
4616;78955;0
4617;78956;0
4618;78957;0
4619;78958;0
4620;78959;0
4621;78960;0
4622;78961;0
4623;78962;0
4624;78963;0
4625;78964;0
4626;78965;0
4627;78966;0
4628;78967;0
4629;78968;0
4630;78969;0
4631;78970;0
4632;78971;0
4633;78972;0
4634;78973;0
4635;78974;0
4636;78975;0
4637;78976;0
4638;78977;0
4639;78978;0
4640;78979;0
4641;78980;0
4642;78981;0
4643;78982;0
4644;78983;0
4645;78984;0
4646;78985;0
4647;78986;0
4648;78987;0
4649;78988;0
4650;78989;0
4651;78990;0
4652;78991;0
4653;78992;0
4654;78993;0
4655;78994;0
4656;78995;0
4657;78996;0
4658;78997;0
4659;78998;0
4660;78999;0
4661;79000;0
4662;79001;0
4663;79002;0
4664;79003;0
4665;79004;0
4666;79005;0
4667;79006;0
4668;79007;0
4669;79008;0
4670;79009;0
4671;79010;0
4672;79011;0
4673;79012;0
4674;79013;0
4675;79014;0
4676;79015;0
4677;79016;0
4678;79017;0
4679;79018;0
4680;79019;0
4681;79020;0
4682;79021;0
4683;79022;0
4684;79023;0
4685;79024;0
4686;79025;0
4687;79026;0
4688;79027;0
4689;79028;0
4690;79029;0
4691;79030;0
4692;79032;1
4693;79033;0
4694;79034;0
4695;79035;0
4696;79036;0
4697;79037;0
4698;79038;0
4699;79039;0
4700;79042;0
4701;79043;0
4702;79044;0
4703;79045;0
4704;79048;0
4705;79049;0
4706;79050;0
4707;79051;0
4708;79052;0
4709;79054;0
4710;79055;0
4711;79056;0
4712;79057;0
4713;79059;0
4714;79060;0
4715;79061;0
4716;79062;0
4717;79063;0
4718;79064;0
4719;79066;0
4720;79066;0
4721;79067;0
4722;79067;0
4723;79068;0
4724;79070;0
4725;79071;0
4726;79072;0
4727;79073;0
4728;79074;0
4729;79075;0
4730;79076;0
4731;79077;0
4732;79078;0
4733;79079;0
4734;79080;0
4735;79081;0
4736;79082;0
4737;79083;0
4738;79085;0
4739;79086;0
4740;79087;0
4741;79088;0
4742;79089;0
4743;79089;0
4744;79094;0
4745;79096;0
4746;79097;0
4747;79098;1
4748;79099;0
4749;79100;0
4750;79101;0
4751;79102;0
4752;79104;0
4753;79105;0
4754;79106;0
4755;79107;2
4756;79109;0
4757;79109;0
4758;79110;1
4759;79111;0
4760;79115;0
4761;79117;2
4762;79118;0
4763;79119;0
4764;79120;0
4765;79121;0
4766;79123;1
4767;79124;1
4768;79125;0
4769;79126;0
4770;79127;0
4771;79128;1
4772;79129;0
4773;79130;0
4774;79131;0
4775;79132;0
4776;79134;0
4777;79135;0
4778;79136;0
4779;79137;0
4780;79138;0
4781;79140;0
4782;79141;0
4783;79142;0
4784;79143;0
4785;79147;0
4786;79148;0
4787;79149;0
4788;79153;0
4789;79154;0
4790;79155;0
4791;79156;0
4792;79157;0
4793;79158;0
4794;79160;0
4795;79161;0
4796;79162;0
4797;79164;0
4798;79165;0
4799;79166;0
4800;79167;0
4801;79168;0
4802;79169;0
4803;79170;0
4804;79171;0
4805;79172;0
4806;79173;0
4807;79175;0
4808;79176;0
4809;79177;0
4810;79178;0
4811;79179;0
4812;79180;0
4813;79182;0
4814;79183;0
4815;79184;0
4816;79185;0
4817;79186;0
4818;79195;0
4819;79196;0
4820;79197;0
4821;79198;1
4822;79199;0
4823;79201;0
4824;79203;0
4825;79204;0
4826;79206;2
4827;79207;0
4828;79210;0
4829;79211;0
4830;79213;0
4831;79214;0
4832;79215;0
4833;79216;0
4834;79217;0
4835;79218;0
4836;79220;0
4837;79221;0
4838;79222;0
4839;79223;0
4840;79224;0
4841;79225;0
4842;79226;0
4843;79226;0
4844;79228;1
4845;79230;0
4846;79231;0
4847;79232;0
4848;79233;0
4849;79234;2
4850;79235;0
4851;79236;0
4852;79237;0
4853;79238;0
4854;79240;0
4855;79241;0
4856;79242;0
4857;79243;0
4858;79244;0
4859;79245;0
4860;79246;0
4861;79247;0
4862;79248;0
4863;79249;0
4864;79250;0
4865;79251;0
4866;79252;0
4867;79253;0
4868;79255;0
4869;79256;0
4870;79257;0
4871;79259;0
4872;79261;0
4873;79262;0
4874;79263;0
4875;79265;0
4876;79266;0
4877;79267;0
4878;79268;0
4879;79269;0
4880;79270;0
4881;79272;0
4882;79273;0
4883;79274;0
4884;79275;0
4885;79276;0
4886;79277;0
4887;79278;0
4888;79279;0
4889;79281;2
4890;79282;1
4891;79283;0
4892;79284;0
4893;79285;1
4894;79286;0
4895;79287;0
4896;79288;0
4897;79289;0
4898;79291;0
4899;79292;0
4900;79293;0
4901;79294;0
4902;79296;0
4903;79297;0
4904;79298;0
4905;79299;0
4906;79300;0
4907;79301;1
4908;79302;0
4909;79303;0
4910;79304;0
4911;79305;0
4912;79307;0
4913;79308;1
4914;79309;0
4915;79313;0
4916;79314;0
4917;79315;0
4918;79316;0
4919;79317;0
4920;79318;0
4921;79319;0
4922;79321;0
4923;79323;0
4924;79324;0
4925;79325;1
4926;79326;0
4927;79327;0
4928;79328;0
4929;79329;0
4930;79330;0
4931;79331;0
4932;79332;0
4933;79333;0
4934;79338;0
4935;79339;0
4936;79340;0
4937;79341;0
4938;79342;0
4939;79344;0
4940;79345;0
4941;79346;0
4942;79347;4
4943;79349;0
4944;79350;0
4945;79351;0
4946;79355;0
4947;79356;0
4948;79357;0
4949;79358;0
4950;79359;1
4951;79360;0
4952;79361;0
4953;79362;0
4954;79363;0
4955;79365;2
4956;79366;0
4957;79367;0
4958;79368;0
4959;79371;0
4960;79372;0
4961;79378;0
4962;79380;0
4963;79381;0
4964;79383;0
4965;79384;0
4966;79385;0
4967;79386;0
4968;79388;0
4969;79391;0
4970;79392;0
4971;79393;0
4972;79395;0
4973;79396;0
4974;79397;0
4975;79398;0
4976;79399;0
4977;79400;0
4978;79402;0
4979;79403;0
4980;79404;2
4981;79405;0
4982;79406;0
4983;79407;1
4984;79412;0
4985;79414;0
4986;79415;0
4987;79419;0
4988;79420;0
4989;79422;0
4990;79423;0
4991;79424;0
4992;79425;0
4993;79427;0
4994;79428;0
4995;79429;0
4996;79430;0
4997;79431;0
4998;79432;0
4999;79434;0
5000;79436;0
5001;79437;1
5002;79438;0
5003;79439;0
5004;79439;0
5005;79440;0
5006;79441;0
5007;79441;0
5008;79441;0
5009;79444;0
5010;79445;0
5011;79446;1
5012;79447;0
5013;79448;0
5014;79449;0
5015;79450;0
5016;79451;0
5017;79453;0
5018;79454;0
5019;79455;0
5020;79456;0
5021;79457;0
5022;79458;0
5023;79460;0
5024;79461;0
5025;79462;0
5026;79464;0
5027;79465;0
5028;79466;0
5029;79467;0
5030;79468;0
5031;79469;0
5032;79470;0
5033;79471;0
5034;79472;0
5035;79474;0
5036;79475;0
5037;79477;0
5038;79478;0
5039;79479;0
5040;79481;0
5041;79482;0
5042;79483;0
5043;79484;0
5044;79485;0
5045;79486;0
5046;79487;0
5047;79488;0
5048;79489;0
5049;79490;0
5050;79491;0
5051;79492;0
5052;79493;1
5053;79494;0
5054;79495;0
5055;79496;0
5056;79497;0
5057;79498;0
5058;79499;0
5059;79500;0
5060;79501;0
5061;79502;3
5062;79503;0
5063;79504;0
5064;79505;0
5065;79507;0
5066;79508;0
5067;79509;0
5068;79510;1
5069;79511;0
5070;79512;0
5071;79514;0
5072;79515;0
5073;79516;0
5074;79517;0
5075;79518;0
5076;79519;0
5077;79520;0
5078;79521;0
5079;79522;0
5080;79523;0
5081;79524;0
5082;79525;0
5083;79527;0
5084;79528;0
5085;79529;0
5086;79530;1
5087;79531;0
5088;79532;0
5089;79534;0
5090;79536;0
5091;79537;0
5092;79538;0
5093;79539;0
5094;79540;0
5095;79541;0
5096;79542;1
5097;79543;0
5098;79544;0
5099;79545;0
5100;79546;0
5101;79547;0
5102;79548;0
5103;79550;0
5104;79552;0
5105;79554;0
5106;79555;1
5107;79556;0
5108;79559;0
5109;79563;0
5110;79564;0
5111;79565;0
5112;79566;0
5113;79567;0
5114;79568;0
5115;79569;0
5116;79570;0
5117;79571;0
5118;79572;0
5119;79573;0
5120;79574;0
5121;79575;0
5122;79577;0
5123;79580;0
5124;79582;0
5125;79584;0
5126;79585;0
5127;79586;0
5128;79587;0
5129;79588;0
5130;79589;0
5131;79589;0
5132;79591;0
5133;79592;0
5134;79593;0
5135;79595;0
5136;79598;0
5137;79599;0
5138;79600;0
5139;79601;0
5140;79605;0
5141;79606;0
5142;79607;0
5143;79608;0
5144;79609;0
5145;79609;0
5146;79617;0
5147;79618;0
5148;79619;0
5149;79620;0
5150;79621;2
5151;79623;0
5152;79624;0
5153;79625;0
5154;79626;0
5155;79627;0
5156;79632;0
5157;79634;0
5158;79636;0
5159;79637;0
5160;79639;0
5161;79640;0
5162;79641;0
5163;79644;0
5164;79645;0
5165;79646;0
5166;79647;0
5167;79648;0
5168;79649;0
5169;79650;0
5170;79651;0
5171;79652;0
5172;79657;0
5173;79663;0
5174;79664;0
5175;79665;0
5176;79666;0
5177;79667;0
5178;79668;0
5179;79669;1
5180;79670;0
5181;79671;0
5182;79672;0
5183;79673;0
5184;79674;0
5185;79675;0
5186;79678;1
5187;79679;0
5188;79680;0
5189;79681;0
5190;79683;0
5191;79684;0
5192;79685;0
5193;79687;0
5194;79688;0
5195;79689;0
5196;79690;0
5197;79691;0
5198;79692;0
5199;79694;0
5200;79696;0
5201;79697;1
5202;79698;0
5203;79699;0
5204;79700;0
5205;79701;0
5206;79702;0
5207;79703;0
5208;79704;0
5209;79705;0
5210;79706;0
5211;79707;0
5212;79708;0
5213;79709;0
5214;79710;0
5215;79711;0
5216;79712;0
5217;79713;0
5218;79714;0
5219;79716;0
5220;79717;0
5221;79718;0
5222;79719;0
5223;79720;0
5224;79722;0
5225;79723;0
5226;79724;1
5227;79725;0
5228;79726;0
5229;79727;0
5230;79728;0
5231;79729;0
5232;79730;0
5233;79737;0
5234;79738;0
5235;79739;0
5236;79739;0
5237;79740;0
5238;79741;0
5239;79742;0
5240;79743;1
5241;79744;0
5242;79745;0
5243;79746;0
5244;79748;0
5245;79749;0
5246;79750;0
5247;79751;0
5248;79752;0
5249;79753;0
5250;79754;0
5251;79755;4
5252;79756;0
5253;79757;0
5254;79758;0
5255;79759;0
5256;79766;0
5257;79769;0
5258;79770;0
5259;79776;0
5260;79784;0
5261;79785;0
5262;79786;0
5263;79787;0
5264;79798;0
5265;79799;0
5266;79800;0
5267;79801;0
5268;79802;0
5269;79803;0
5270;79804;0
5271;79805;0
5272;79808;0
5273;79809;0
5274;79810;0
5275;79811;2
5276;79812;0
5277;79814;0
5278;79816;0
5279;79818;0
5280;79819;0
5281;79820;0
5282;79821;0
5283;79822;0
5284;79823;0
5285;79824;0
5286;79825;0
5287;79826;0
5288;79827;0
5289;79829;0
5290;79830;0
5291;79831;0
5292;79831;0
5293;79833;0
5294;79834;0
5295;79835;0
5296;79836;0
5297;79837;0
5298;79839;0
5299;79840;6
5300;79841;0
5301;79843;0
5302;79844;0
5303;79845;0
5304;79846;0
5305;79847;0
5306;79848;0
5307;79849;0
5308;79850;0
5309;79851;0
5310;79852;0
5311;79854;1
5312;79857;1
5313;79858;0
5314;79859;0
5315;79860;0
5316;79862;0
5317;79863;0
5318;79864;0
5319;79865;0
5320;79866;0
5321;79867;0
5322;79868;0
5323;79869;0
5324;79870;0
5325;79871;0
5326;79872;0
5327;79874;1
5328;79875;0
5329;79876;0
5330;79877;0
5331;79878;0
5332;79879;0
5333;79880;0
5334;79881;0
5335;79882;0
5336;79883;0
5337;79885;0
5338;79886;0
5339;79887;0
5340;79888;0
5341;79889;0
5342;79890;0
5343;79892;0
5344;79893;0
5345;79894;0
5346;79897;0
5347;79899;0
5348;79901;0
5349;79902;0
5350;79903;0
5351;79904;0
5352;79905;0
5353;79906;0
5354;79907;0
5355;79909;0
5356;79910;0
5357;79911;0
5358;79912;0
5359;79914;0
5360;79916;0
5361;79917;0
5362;79919;0
5363;79920;0
5364;79921;0
5365;79922;0
5366;79924;0
5367;79925;0
5368;79926;0
5369;79927;0
5370;79943;0
5371;79947;0
5372;79948;0
5373;79949;0
5374;79950;0
5375;79951;0
5376;79953;0
5377;79954;0
5378;79955;0
5379;79956;0
5380;79957;0
5381;79958;0
5382;79959;0
5383;79960;0
5384;79961;0
5385;79962;0
5386;79963;0
5387;79966;0
5388;79968;0
5389;79969;0
5390;79970;0
5391;79971;0
5392;79972;0
5393;79973;0
5394;79974;0
5395;79975;0
5396;79976;2
5397;79977;0
5398;79978;0
5399;79979;0
5400;79981;0
5401;79982;2
5402;79983;0
5403;79985;0
5404;79988;0
5405;79989;0
5406;79990;0
5407;79991;0
5408;79992;0
5409;79994;0
5410;79996;0
5411;79997;0
5412;79999;3
5413;80001;0
5414;80002;1
5415;80004;0
5416;80005;2
5417;80006;0
5418;80007;0
5419;80011;0
5420;80012;0
5421;80014;0
5422;80015;0
5423;80017;0
5424;80018;0
5425;80019;0
5426;80020;0
5427;80021;0
5428;80022;0
5429;80023;0
5430;80024;0
5431;80025;0
5432;80026;0
5433;80027;0
5434;80028;0
5435;80029;0
5436;80030;0
5437;80031;0
5438;80032;0
5439;80033;0
5440;80034;0
5441;80035;0
5442;80037;0
5443;80038;0
5444;80039;0
5445;80040;0
5446;80041;0
5447;80042;1
5448;80043;0
5449;80044;0
5450;80045;0
5451;80046;0
5452;80048;0
5453;80049;0
5454;80050;0
5455;80051;0
5456;80052;0
5457;80053;0
5458;80055;0
5459;80056;0
5460;80058;0
5461;80059;0
5462;80061;0
5463;80062;0
5464;80063;0
5465;80064;0
5466;80065;0
5467;80066;0
5468;80067;0
5469;80068;0
5470;80069;0
5471;80070;0
5472;80071;0
5473;80072;0
5474;80073;1
5475;80074;3
5476;80075;0
5477;80076;0
5478;80077;0
5479;80078;0
5480;80079;0
5481;80080;0
5482;80081;0
5483;80082;0
5484;80083;0
5485;80084;0
5486;80085;0
5487;80086;2
5488;80087;0
5489;80088;0
5490;80089;0
5491;80090;0
5492;80091;0
5493;80092;0
5494;80093;0
5495;80094;0
5496;80095;0
5497;80096;0
5498;80097;0
5499;80098;0
5500;80099;0
5501;80100;0
5502;80101;0
5503;80102;0
5504;80103;0
5505;80104;0
5506;80105;0
5507;80106;2
5508;80108;0
5509;80111;0
5510;80112;0
5511;80114;0
5512;80115;0
5513;80116;0
5514;80117;0
5515;80119;4
5516;80120;0
5517;80121;0
5518;80122;0
5519;80123;0
5520;80124;0
5521;80127;0
5522;80128;0
5523;80129;0
5524;80130;0
5525;80131;0
5526;80132;0
5527;80133;0
5528;80134;0
5529;80135;0
5530;80136;0
5531;80137;0
5532;80138;0
5533;80139;0
5534;80140;0
5535;80141;0
5536;80142;0
5537;80143;0
5538;80144;0
5539;80145;0
5540;80146;0
5541;80147;0
5542;80148;0
5543;80149;0
5544;80150;0
5545;80151;0
5546;80152;0
5547;80154;0
5548;80155;0
5549;80156;0
5550;80158;0
5551;80159;0
5552;80160;0
5553;80161;0
5554;80162;0
5555;80163;0
5556;80164;0
5557;80165;0
5558;80166;0
5559;80167;0
5560;80168;0
5561;80169;0
5562;80170;0
5563;80171;0
5564;80172;0
5565;80173;0
5566;80174;0
5567;80175;0
5568;80176;0
5569;80176;0
5570;80177;2
5571;80178;0
5572;80179;0
5573;80180;0
5574;80181;0
5575;80183;0
5576;80184;0
5577;80186;0
5578;80187;0
5579;80189;0
5580;80190;0
5581;80191;0
5582;80192;0
5583;80193;0
5584;80194;0
5585;80195;0
5586;80197;0
5587;80198;0
5588;80199;0
5589;80200;0
5590;80201;0
5591;80202;0
5592;80203;0
5593;80204;0
5594;80205;0
5595;80206;0
5596;80207;0
5597;80208;0
5598;80209;0
5599;80210;0
5600;80212;0
5601;80213;0
5602;80216;0
5603;80218;0
5604;80219;0
5605;80220;0
5606;80221;0
5607;80222;0
5608;80224;0
5609;80225;0
5610;80226;0
5611;80226;0
5612;80227;0
5613;80228;0
5614;80229;0
5615;80230;0
5616;80230;0
5617;80231;0
5618;80233;0
5619;80234;0
5620;80235;0
5621;80236;0
5622;80237;0
5623;80238;0
5624;80239;0
5625;80240;0
5626;80242;0
5627;80243;0
5628;80244;0
5629;80245;0
5630;80247;0
5631;80248;0
5632;80249;0
5633;80251;0
5634;80252;0
5635;80254;0
5636;80255;0
5637;80256;0
5638;80257;0
5639;80258;0
5640;80259;0
5641;80260;0
5642;80261;0
5643;80262;0
5644;80263;0
5645;80265;0
5646;80266;0
5647;80267;0
5648;80268;0
5649;80269;0
5650;80270;0
5651;80271;0
5652;80272;0
5653;80273;0
5654;80274;0
5655;80275;0
5656;80276;0
5657;80277;0
5658;80278;0
5659;80284;0
5660;80285;1
5661;80286;0
5662;80287;0
5663;80288;0
5664;80289;0
5665;80290;0
5666;80291;0
5667;80292;0
5668;80294;7
5669;80295;0
5670;80296;0
5671;80297;0
5672;80298;0
5673;80299;0
5674;80300;0
5675;80301;0
5676;80302;0
5677;80303;0
5678;80304;0
5679;80305;0
5680;80307;0
5681;80308;0
5682;80309;0
5683;80310;0
5684;80311;0
5685;80312;0
5686;80313;0
5687;80314;0
5688;80315;0
5689;80316;0
5690;80317;0
5691;80323;0
5692;80325;0
5693;80326;0
5694;80327;0
5695;80328;0
5696;80329;0
5697;80330;0
5698;80331;0
5699;80332;0
5700;80333;0
5701;80334;0
5702;80335;0
5703;80336;0
5704;80337;0
5705;80338;0
5706;80339;0
5707;80341;0
5708;80342;0
5709;80343;0
5710;80344;0
5711;80345;0
5712;80347;0
5713;80348;0
5714;80349;0
5715;80351;0
5716;80358;0
5717;80359;0
5718;80360;0
5719;80361;0
5720;80362;0
5721;80363;0
5722;80364;0
5723;80364;0
5724;80365;2
5725;80366;0
5726;80367;0
5727;80368;0
5728;80369;5
5729;80371;0
5730;80372;0
5731;80373;0
5732;80374;0
5733;80375;0
5734;80376;0
5735;80377;0
5736;80378;0
5737;80379;0
5738;80380;0
5739;80381;0
5740;80382;0
5741;80383;2
5742;80384;0
5743;80385;0
5744;80386;0
5745;80387;0
5746;80388;0
5747;80389;0
5748;80390;0
5749;80392;0
5750;80393;0
5751;80394;0
5752;80395;0
5753;80396;0
5754;80397;0
5755;80398;1
5756;80399;0
5757;80401;0
5758;80402;0
5759;80403;0
5760;80404;0
5761;80405;0
5762;80406;1
5763;80407;0
5764;80408;0
5765;80409;0
5766;80410;0
5767;80411;0
5768;80412;0
5769;80413;0
5770;80414;0
5771;80415;2
5772;80416;0
5773;80417;0
5774;80418;0
5775;80419;0
5776;80420;0
5777;80421;0
5778;80422;0
5779;80423;0
5780;80424;0
5781;80425;0
5782;80426;0
5783;80427;0
5784;80428;0
5785;80429;0
5786;80430;0
5787;80431;0
5788;80433;0
5789;80434;0
5790;80435;0
5791;80436;0
5792;80437;0
5793;80438;0
5794;80440;0
5795;80441;0
5796;80442;0
5797;80443;0
5798;80444;1
5799;80445;0
5800;80446;0
5801;80447;0
5802;80448;0
5803;80450;0
5804;80451;0
5805;80452;0
5806;80453;0
5807;80454;0
5808;80455;0
5809;80456;0
5810;80457;0
5811;80458;0
5812;80460;0
5813;80461;0
5814;80462;0
5815;80463;0
5816;80464;0
5817;80465;0
5818;80466;0
5819;80467;0
5820;80468;0
5821;80468;0
5822;80469;0
5823;80470;1
5824;80471;0
5825;80472;0
5826;80473;0
5827;80474;0
5828;80475;0
5829;80476;0
5830;80477;0
5831;80478;1
5832;80479;0
5833;80480;0
5834;80481;0
5835;80482;0
5836;80483;1
5837;80484;0
5838;80488;0
5839;80489;0
5840;80490;0
5841;80491;1
5842;80492;0
5843;80493;0
5844;80494;0
5845;80496;0
5846;80497;0
5847;80498;0
5848;80500;0
5849;80501;0
5850;80502;0
5851;80503;0
5852;80504;0
5853;80505;0
5854;80506;0
5855;80507;0
5856;80509;0
5857;80510;0
5858;80511;0
5859;80512;0
5860;80513;0
5861;80514;0
5862;80515;0
5863;80516;0
5864;80518;0
5865;80520;0
5866;80521;0
5867;80522;0
5868;80523;0
5869;80524;0
5870;80526;0
5871;80528;1
5872;80529;0
5873;80530;0
5874;80531;0
5875;80533;0
5876;80534;0
5877;80535;0
5878;80536;0
5879;80537;0
5880;80538;0
5881;80539;0
5882;80540;0
5883;80542;0
5884;80543;0
5885;80544;0
5886;80545;0
5887;80546;0
5888;80547;0
5889;80548;0
5890;80549;0
5891;80550;0
5892;80551;0
5893;80553;0
5894;80554;0
5895;80555;0
5896;80556;0
5897;80557;0
5898;80557;0
5899;80558;0
5900;80560;0
5901;80561;1
5902;80562;0
5903;80563;0
5904;80564;0
5905;80565;2
5906;80567;0
5907;80568;0
5908;80569;0
5909;80571;0
5910;80572;0
5911;80573;0
5912;80574;0
5913;80576;0
5914;80578;0
5915;80579;0
5916;80580;0
5917;80581;0
5918;80582;0
5919;80583;0
5920;80583;0
5921;80584;0
5922;80585;0
5923;80586;0
5924;80587;0
5925;80588;0
5926;80589;1
5927;80590;0
5928;80591;0
5929;80592;0
5930;80593;0
5931;80594;0
5932;80595;1
5933;80596;0
5934;80597;0
5935;80598;0
5936;80599;0
5937;80602;0
5938;80603;0
5939;80605;0
5940;80606;0
5941;80608;0
5942;80609;0
5943;80610;0
5944;80611;0
5945;80612;0
5946;80613;0
5947;80614;0
5948;80615;0
5949;80616;0
5950;80617;0
5951;80618;0
5952;80619;0
5953;80620;0
5954;80621;0
5955;80622;0
5956;80623;0
5957;80624;0
5958;80625;0
5959;80626;0
5960;80627;4
5961;80628;0
5962;80629;0
5963;80630;0
5964;80631;0
5965;80632;0
5966;80633;0
5967;80634;0
5968;80635;1
5969;80636;0
5970;80638;0
5971;80639;0
5972;80640;0
5973;80641;0
5974;80642;0
5975;80643;0
5976;80644;0
5977;80646;0
5978;80647;0
5979;80648;0
5980;80649;0
5981;80650;0
5982;80651;0
5983;80653;1
5984;80655;0
5985;80656;0
5986;80657;1
5987;80658;0
5988;80659;0
5989;80660;0
5990;80661;0
5991;80662;0
5992;80663;0
5993;80665;0
5994;80666;0
5995;80667;0
5996;80669;0
5997;80670;0
5998;80671;0
5999;80672;0
6000;80675;0
6001;80676;0
6002;80677;0
6003;80678;0
6004;80680;0
6005;80682;0
6006;80683;0
6007;80684;0
6008;80685;0
6009;80686;0
6010;80687;0
6011;80688;0
6012;80689;0
6013;80689;0
6014;80690;0
6015;80691;2
6016;80693;0
6017;80695;0
6018;80696;0
6019;80700;0
6020;80701;0
6021;80702;0
6022;80703;0
6023;80704;0
6024;80705;0
6025;80707;0
6026;80707;0
6027;80710;0
6028;80711;0
6029;80711;0
6030;80712;0
6031;80713;0
6032;80714;0
6033;80715;0
6034;80716;0
6035;80718;0
6036;80720;2
6037;80721;0
6038;80723;0
6039;80724;0
6040;80726;0
6041;80727;1
6042;80728;0
6043;80729;0
6044;80730;0
6045;80731;0
6046;80732;0
6047;80734;0
6048;80735;0
6049;80736;0
6050;80737;0
6051;80738;0
6052;80739;0
6053;80740;0
6054;80741;0
6055;80742;0
6056;80742;0
6057;80743;0
6058;80744;0
6059;80745;0
6060;80746;0
6061;80747;0
6062;80748;0
6063;80749;0
6064;80750;0
6065;80751;0
6066;80752;0
6067;80753;0
6068;80754;0
6069;80755;0
6070;80756;0
6071;80757;0
6072;80759;0
6073;80763;0
6074;80764;0
6075;80765;0
6076;80766;0
6077;80767;0
6078;80768;0
6079;80769;0
6080;80771;0
6081;80772;3
6082;80774;0
6083;80776;0
6084;80777;0
6085;80778;0
6086;80779;0
6087;80781;0
6088;80782;0
6089;80783;0
6090;80784;0
6091;80785;0
6092;80786;0
6093;80787;1
6094;80788;0
6095;80789;0
6096;80790;0
6097;80791;0
6098;80793;0
6099;80794;0
6100;80795;1
6101;80796;0
6102;80797;0
6103;80799;0
6104;80800;0
6105;80802;0
6106;80803;0
6107;80804;0
6108;80805;0
6109;80806;0
6110;80807;0
6111;80808;0
6112;80809;0
6113;80810;0
6114;80811;0
6115;80812;0
6116;80813;1
6117;80814;0
6118;80815;0
6119;80816;0
6120;80817;0
6121;80818;3
6122;80819;0
6123;80820;1
6124;80821;0
6125;80822;0
6126;80823;0
6127;80824;0
6128;80825;0
6129;80827;0
6130;80828;0
6131;80829;0
6132;80830;0
6133;80831;0
6134;80832;0
6135;80833;0
6136;80834;0
6137;80835;0
6138;80836;0
6139;80837;0
6140;80838;0
6141;80839;0
6142;80840;0
6143;80841;0
6144;80842;0
6145;80843;0
6146;80844;0
6147;80846;0
6148;80848;0
6149;80849;0
6150;80850;0
6151;80851;0
6152;80851;0
6153;80852;0
6154;80853;0
6155;80854;1
6156;80856;2
6157;80857;0
6158;80858;0
6159;80860;0
6160;80861;0
6161;80862;0
6162;80862;0
6163;80863;0
6164;80864;0
6165;80866;0
6166;80869;0
6167;80870;0
6168;80870;0
6169;80871;1
6170;80872;0
6171;80873;0
6172;80874;0
6173;80875;0
6174;80876;0
6175;80877;0
6176;80878;0
6177;80879;0
6178;80881;0
6179;80882;0
6180;80882;0
6181;80883;0
6182;80884;0
6183;80885;0
6184;80886;0
6185;80887;0
6186;80890;0
6187;80891;0
6188;80894;0
6189;80895;0
6190;80896;0
6191;80898;0
